Timestamp,Log
2024-12-07 17:15:31,ets Jun  8 2016 00:22:57
2024-12-07 17:15:31,"rst:0x1 (POWERON_RESET),boot:0x13 (SPI_FAST_FLASH_BOOT)"
2024-12-07 17:15:31,"configsip: 0, SPIWP:0xee"
2024-12-07 17:15:31,"clk_drv:0x00,q_drv:0x00,d_drv:0x00,cs0_drv:0x00,hd_drv:0x00,wp_drv:0x00"
2024-12-07 17:15:31,"mode:DIO, clock div:1"
2024-12-07 17:15:31,"load:0x3fff0030,len:1344"
2024-12-07 17:15:31,"load:0x40078000,len:13964"
2024-12-07 17:15:31,"load:0x40080400,len:3600"
2024-12-07 17:15:31,entry 0x400805f0
2024-12-07 17:15:31,Setup OLED
2024-12-07 17:15:33,Connecting to WiFi...
2024-12-07 17:15:33,Connected to WiFi
2024-12-07 17:15:34,OLEDDisplayTask
2024-12-07 17:15:34,semaphoreButtonTask
2024-12-07 17:15:34,ReadDHT11Task
2024-12-07 17:15:34,Calibrating please wait...OLEDDisplayTask
2024-12-07 17:15:34,...OLEDDisplayTask
2024-12-07 17:15:34,..OLEDDisplayTask
2024-12-07 17:15:34,...  done!.
2024-12-07 17:15:34,Mq2Task
2024-12-07 17:15:34,OLEDDisplayTask
2024-12-07 17:15:34,MQ-2 Gas Concentration: 7.03 PPM
2024-12-07 17:15:35,Temperature: 41 °C	Humidity: 42 %
2024-12-07 17:15:35,OLEDDisplayTask
2024-12-07 17:15:35,OLEDDisplayTask
2024-12-07 17:15:35,OLEDDisplayTask
2024-12-07 17:15:35,OLEDDisplayTask
2024-12-07 17:15:35,OLEDDisplayTask
2024-12-07 17:15:35,OLEDDisplayTask
2024-12-07 17:15:35,OLEDDisplayTask
2024-12-07 17:15:35,OLEDDisplayTask
2024-12-07 17:15:35,OLEDDisplayTask
2024-12-07 17:15:36,OLEDDisplayTask
2024-12-07 17:15:36,OLEDDisplayTask
2024-12-07 17:15:36,OLEDDisplayTask
2024-12-07 17:15:36,OLEDDisplayTask
2024-12-07 17:15:36,OLEDDisplayTask
2024-12-07 17:15:36,OLEDDisplayTask
2024-12-07 17:15:36,OLEDDisplayTask
2024-12-07 17:15:36,OLEDDisplayTask
2024-12-07 17:15:36,Mq2Task
2024-12-07 17:15:37,OLEDDisplayTask
2024-12-07 17:15:37,MQ-2 Gas Concentration: 18.01 PPM
2024-12-07 17:15:37,ReadDHT11Task
2024-12-07 17:15:37,OLEDDisplayTask
2024-12-07 17:15:37,OLEDDisplayTask
2024-12-07 17:15:37,OLEDDisplayTask
2024-12-07 17:15:37,OLEDDisplayTask
2024-12-07 17:15:37,Temperature: 41 °C	Humidity: 42 %
2024-12-07 17:15:37,OLEDDisplayTask
2024-12-07 17:15:37,OLEDDisplayTask
2024-12-07 17:15:37,OLEDDisplayTask
2024-12-07 17:15:37,OLEDDisplayTask
2024-12-07 17:15:38,OLEDDisplayTask
2024-12-07 17:15:38,OLEDDisplayTask
2024-12-07 17:15:38,OLEDDisplayTask
2024-12-07 17:15:38,OLEDDisplayTask
2024-12-07 17:15:38,OLEDDisplayTask
2024-12-07 17:15:38,OLEDDisplayTask
2024-12-07 17:15:38,OLEDDisplayTask
2024-12-07 17:15:38,OLEDDisplayTask
2024-12-07 17:15:38,OLEDDisplayTask
2024-12-07 17:15:39,Mq2Task
2024-12-07 17:15:39,OLEDDisplayTask
2024-12-07 17:15:39,MQ-2 Gas Concentration: 16.96 PPM
2024-12-07 17:15:39,OLEDDisplayTask
2024-12-07 17:15:39,OLEDDisplayTask
2024-12-07 17:15:39,OLEDDisplayTask
2024-12-07 17:15:39,OLEDDisplayTask
2024-12-07 17:15:39,ReadDHT11Task
2024-12-07 17:15:39,OLEDDisplayTask
2024-12-07 17:15:39,OLEDDisplayTask
2024-12-07 17:15:39,OLEDDisplayTask
2024-12-07 17:15:39,OLEDDisplayTask
2024-12-07 17:15:40,OLEDDisplayTask
2024-12-07 17:15:40,Temperature: 41 °C	Humidity: 42 %
2024-12-07 17:15:40,OLEDDisplayTask
2024-12-07 17:15:40,OLEDDisplayTask
2024-12-07 17:15:40,OLEDDisplayTask
2024-12-07 17:15:40,OLEDDisplayTask
2024-12-07 17:15:40,OLEDDisplayTask
2024-12-07 17:15:40,OLEDDisplayTask
2024-12-07 17:15:40,Button pressed 1 time(s) in 1 second
2024-12-07 17:15:40,semaphoreButtonTask
2024-12-07 17:15:40,OLEDDisplayTask
2024-12-07 17:15:41,Mq2Task
2024-12-07 17:15:41,MQ-2 Gas Concentration: 18.58 PPM
2024-12-07 17:15:41,OLEDDisplayTask
2024-12-07 17:15:41,OLEDDisplayTask
2024-12-07 17:15:41,OLEDDisplayTask
2024-12-07 17:15:41,OLEDDisplayTask
2024-12-07 17:15:41,OLEDDisplayTask
2024-12-07 17:15:42,ReadDHT11Task
2024-12-07 17:15:42,OLEDDisplayTask
2024-12-07 17:15:42,OLEDDisplayTask
2024-12-07 17:15:42,OLEDDisplayTask
2024-12-07 17:15:42,OLEDDisplayTask
2024-12-07 17:15:42,OLEDDisplayTask
2024-12-07 17:15:42,Temperature: 41 °C	Humidity: 42 %
2024-12-07 17:15:42,OLEDDisplayTask
2024-12-07 17:15:42,OLEDDisplayTask
2024-12-07 17:15:42,OLEDDisplayTask
2024-12-07 17:15:43,OLEDDisplayTask
2024-12-07 17:15:43,Mq2Task
2024-12-07 17:15:43,OLEDDisplayTask
2024-12-07 17:15:43,MQ-2 Gas Concentration: 18.13 PPM
2024-12-07 17:15:43,OLEDDisplayTask
2024-12-07 17:15:43,OLEDDisplayTask
2024-12-07 17:15:43,OLEDDisplayTask
2024-12-07 17:15:43,OLEDDisplayTask
2024-12-07 17:15:43,OLEDDisplayTask
2024-12-07 17:15:43,OLEDDisplayTask
2024-12-07 17:15:43,OLEDDisplayTask
2024-12-07 17:15:44,OLEDDisplayTask
2024-12-07 17:15:44,OLEDDisplayTask
2024-12-07 17:15:44,OLEDDisplayTask
2024-12-07 17:15:44,OLEDDisplayTask
2024-12-07 17:15:44,OLEDDisplayTask
2024-12-07 17:15:44,OLEDDisplayTask
2024-12-07 17:15:44,ReadDHT11Task
2024-12-07 17:15:44,OLEDDisplayTask
2024-12-07 17:15:44,OLEDDisplayTask
2024-12-07 17:15:44,OLEDDisplayTask
2024-12-07 17:15:45,OLEDDisplayTask
2024-12-07 17:15:45,Temperature: 41 °C	Humidity: 42 %
2024-12-07 17:15:45,OLEDDisplayTask
2024-12-07 17:15:45,Mq2Task
2024-12-07 17:15:45,MQ-2 Gas Concentration: 19.23 PPM
2024-12-07 17:15:45,OLEDDisplayTask
2024-12-07 17:15:45,OLEDDisplayTask
2024-12-07 17:15:45,OLEDDisplayTask
2024-12-07 17:15:45,OLEDDisplayTask
2024-12-07 17:15:45,OLEDDisplayTask
2024-12-07 17:15:45,OLEDDisplayTask
2024-12-07 17:15:45,OLEDDisplayTask
2024-12-07 17:15:46,OLEDDisplayTask
2024-12-07 17:15:46,OLEDDisplayTask
2024-12-07 17:15:46,OLEDDisplayTask
2024-12-07 17:15:46,OLEDDisplayTask
2024-12-07 17:15:46,OLEDDisplayTask
2024-12-07 17:15:46,OLEDDisplayTask
2024-12-07 17:15:46,OLEDDisplayTask
2024-12-07 17:15:46,OLEDDisplayTask
2024-12-07 17:15:46,OLEDDisplayTask
2024-12-07 17:15:47,OLEDDisplayTask
2024-12-07 17:15:47,ReadDHT11Task
2024-12-07 17:15:47,OLEDDisplayTask
2024-12-07 17:15:47,Mq2Task
2024-12-07 17:15:47,MQ-2 Gas Concentration: 18.64 PPM
2024-12-07 17:15:47,OLEDDisplayTask
2024-12-07 17:15:47,OLEDDisplayTask
2024-12-07 17:15:47,OLEDDisplayTask
2024-12-07 17:15:47,OLEDDisplayTask
2024-12-07 17:15:47,Temperature: 41 °C	Humidity: 42 %
2024-12-07 17:15:47,OLEDDisplayTask
2024-12-07 17:15:47,OLEDDisplayTask
2024-12-07 17:15:47,OLEDDisplayTask
2024-12-07 17:15:48,OLEDDisplayTask
2024-12-07 17:15:48,OLEDDisplayTask
2024-12-07 17:15:48,OLEDDisplayTask
2024-12-07 17:15:48,OLEDDisplayTask
2024-12-07 17:15:48,OLEDDisplayTask
2024-12-07 17:15:48,OLEDDisplayTask
2024-12-07 17:15:48,Button pressed 2 time(s) in 1 second
2024-12-07 17:15:48,semaphoreButtonTask
2024-12-07 17:15:48,OLEDDisplayTask
2024-12-07 17:15:48,OLEDDisplayTask
2024-12-07 17:15:49,OLEDDisplayTask
2024-12-07 17:15:49,OLEDDisplayTask
2024-12-07 17:15:49,OLEDDisplayTask
2024-12-07 17:15:49,Mq2Task
2024-12-07 17:15:49,MQ-2 Gas Concentration: 19.36 PPM
2024-12-07 17:15:49,OLEDDisplayTask
2024-12-07 17:15:49,OLEDDisplayTask
2024-12-07 17:15:49,OLEDDisplayTask
2024-12-07 17:15:49,ReadDHT11Task
2024-12-07 17:15:49,OLEDDisplayTask
2024-12-07 17:15:49,OLEDDisplayTask
2024-12-07 17:15:49,OLEDDisplayTask
2024-12-07 17:15:50,OLEDDisplayTask
2024-12-07 17:15:50,OLEDDisplayTask
2024-12-07 17:15:50,Temperature: 41 °C	Humidity: 42 %
2024-12-07 17:15:50,OLEDDisplayTask
2024-12-07 17:15:50,OLEDDisplayTask
2024-12-07 17:15:50,OLEDDisplayTask
2024-12-07 17:15:50,OLEDDisplayTask
2024-12-07 17:15:50,OLEDDisplayTask
2024-12-07 17:15:50,OLEDDisplayTask
2024-12-07 17:15:50,OLEDDisplayTask
2024-12-07 17:15:51,OLEDDisplayTask
2024-12-07 17:15:51,OLEDDisplayTask
2024-12-07 17:15:51,OLEDDisplayTask
2024-12-07 17:15:51,Mq2Task
2024-12-07 17:15:51,MQ-2 Gas Concentration: OLEDDisplayTask
2024-12-07 17:15:51,18.01 PPM
2024-12-07 17:15:51,OLEDDisplayTask
2024-12-07 17:15:51,OLEDDisplayTask
2024-12-07 17:15:51,OLEDDisplayTask
2024-12-07 17:15:51,OLEDDisplayTask
2024-12-07 17:15:51,OLEDDisplayTask
2024-12-07 17:15:52,OLEDDisplayTask
2024-12-07 17:15:52,OLEDDisplayTask
2024-12-07 17:15:52,ReadDHT11Task
2024-12-07 17:15:52,OLEDDisplayTask
2024-12-07 17:15:52,OLEDDisplayTask
2024-12-07 17:15:52,OLEDDisplayTask
2024-12-07 17:15:52,OLEDDisplayTask
2024-12-07 17:15:52,Temperature: 41 °C	Humidity: 42 %
2024-12-07 17:15:52,OLEDDisplayTask
2024-12-07 17:15:52,OLEDDisplayTask
2024-12-07 17:15:52,OLEDDisplayTask
2024-12-07 17:15:53,OLEDDisplayTask
2024-12-07 17:15:53,OLEDDisplayTask
2024-12-07 17:15:53,OLEDDisplayTask
2024-12-07 17:15:53,Mq2Task
2024-12-07 17:15:53,OLEDDisplayTask
2024-12-07 17:15:53,MQ-2 Gas Concentration: 18.13 PPM
2024-12-07 17:15:53,OLEDDisplayTask
2024-12-07 17:15:53,OLEDDisplayTask
2024-12-07 17:15:53,OLEDDisplayTask
2024-12-07 17:15:53,OLEDDisplayTask
2024-12-07 17:15:53,OLEDDisplayTask
2024-12-07 17:15:54,OLEDDisplayTask
2024-12-07 17:15:54,OLEDDisplayTask
2024-12-07 17:15:54,OLEDDisplayTask
2024-12-07 17:15:54,OLEDDisplayTask
2024-12-07 17:15:54,OLEDDisplayTask
2024-12-07 17:15:54,OLEDDisplayTask
2024-12-07 17:15:54,ReadDHT11Task
2024-12-07 17:15:54,OLEDDisplayTask
2024-12-07 17:15:54,OLEDDisplayTask
2024-12-07 17:15:54,OLEDDisplayTask
2024-12-07 17:15:55,OLEDDisplayTask
2024-12-07 17:15:55,OLEDDisplayTask
2024-12-07 17:15:55,Error 253 Reading from DHT11 timed out.
2024-12-07 17:15:55,OLEDDisplayTask
2024-12-07 17:15:55,Mq2Task
2024-12-07 17:15:55,OLEDDisplayTask
2024-12-07 17:15:55,MQ-2 Gas Concentration: 19.29 PPM
2024-12-07 17:15:55,OLEDDisplayTask
2024-12-07 17:15:55,OLEDDisplayTask
2024-12-07 17:15:55,OLEDDisplayTask
2024-12-07 17:15:55,OLEDDisplayTask
2024-12-07 17:15:56,OLEDDisplayTask
2024-12-07 17:15:56,OLEDDisplayTask
2024-12-07 17:15:56,OLEDDisplayTask
2024-12-07 17:15:56,OLEDDisplayTask
2024-12-07 17:15:56,OLEDDisplayTask
2024-12-07 17:15:56,OLEDDisplayTask
2024-12-07 17:15:56,OLEDDisplayTask
2024-12-07 17:15:56,OLEDDisplayTask
2024-12-07 17:15:56,OLEDDisplayTask
2024-12-07 17:15:57,OLEDDisplayTask
2024-12-07 17:15:57,OLEDDisplayTask
2024-12-07 17:15:57,ReadDHT11Task
2024-12-07 17:15:57,OLEDDisplayTask
2024-12-07 17:15:57,OLEDDisplayTask
2024-12-07 17:15:57,Mq2Task
2024-12-07 17:15:57,OLEDDisplayTask
2024-12-07 17:15:57,MQ-2 Gas Concentration: 18.01 PPM
2024-12-07 17:15:57,OLEDDisplayTask
2024-12-07 17:15:57,OLEDDisplayTask
2024-12-07 17:15:57,Temperature: 41 °C	Humidity: 42 %
2024-12-07 17:15:57,OLEDDisplayTask
2024-12-07 17:15:57,OLEDDisplayTask
2024-12-07 17:15:58,OLEDDisplayTask
2024-12-07 17:15:58,OLEDDisplayTask
2024-12-07 17:15:58,OLEDDisplayTask
2024-12-07 17:15:58,OLEDDisplayTask
2024-12-07 17:15:58,OLEDDisplayTask
2024-12-07 17:15:58,OLEDDisplayTask
2024-12-07 17:15:58,OLEDDisplayTask
2024-12-07 17:15:58,OLEDDisplayTask
2024-12-07 17:15:58,OLEDDisplayTask
2024-12-07 17:15:59,OLEDDisplayTask
2024-12-07 17:15:59,OLEDDisplayTask
2024-12-07 17:15:59,OLEDDisplayTask
2024-12-07 17:15:59,OLEDDisplayTask
2024-12-07 17:15:59,Mq2Task
2024-12-07 17:15:59,OLEDDisplayTask
2024-12-07 17:15:59,MQ-2 Gas Concentration: 18.32 PPM
2024-12-07 17:15:59,OLEDDisplayTask
2024-12-07 17:15:59,OLEDDisplayTask
2024-12-07 17:15:59,ReadDHT11Task
2024-12-07 17:15:59,OLEDDisplayTask
2024-12-07 17:15:59,OLEDDisplayTask
2024-12-07 17:16:00,OLEDDisplayTask
2024-12-07 17:16:00,OLEDDisplayTask
2024-12-07 17:16:00,Temperature: 41 °C	Humidity: 42 %
2024-12-07 17:16:00,OLEDDisplayTask
2024-12-07 17:16:00,OLEDDisplayTask
2024-12-07 17:16:00,OLEDDisplayTask
2024-12-07 17:16:00,OLEDDisplayTask
2024-12-07 17:16:00,OLEDDisplayTask
2024-12-07 17:16:00,OLEDDisplayTask
2024-12-07 17:16:00,OLEDDisplayTask
2024-12-07 17:16:01,OLEDDisplayTask
2024-12-07 17:16:01,OLEDDisplayTask
2024-12-07 17:16:01,OLEDDisplayTask
2024-12-07 17:16:01,OLEDDisplayTask
2024-12-07 17:16:01,Mq2Task
2024-12-07 17:16:01,OLEDDisplayTask
2024-12-07 17:16:01,MQ-2 Gas Concentration: 17.70 PPM
2024-12-07 17:16:01,OLEDDisplayTask
2024-12-07 17:16:01,OLEDDisplayTask
2024-12-07 17:16:01,OLEDDisplayTask
2024-12-07 17:16:01,OLEDDisplayTask
2024-12-07 17:16:02,OLEDDisplayTask
2024-12-07 17:16:02,OLEDDisplayTask
2024-12-07 17:16:02,ReadDHT11Task
2024-12-07 17:16:02,OLEDDisplayTask
2024-12-07 17:16:02,OLEDDisplayTask
2024-12-07 17:16:02,OLEDDisplayTask
2024-12-07 17:16:02,OLEDDisplayTask
2024-12-07 17:16:02,Temperature: 41 °C	Humidity: 42 %
2024-12-07 17:16:02,OLEDDisplayTask
2024-12-07 17:16:02,OLEDDisplayTask
2024-12-07 17:16:03,OLEDDisplayTask
2024-12-07 17:16:03,OLEDDisplayTask
2024-12-07 17:16:03,OLEDDisplayTask
2024-12-07 17:16:03,OLEDDisplayTask
2024-12-07 17:16:03,OLEDDisplayTask
2024-12-07 17:16:03,Mq2TaskOLEDDisplayTask
2024-12-07 17:16:03,MQ-2 Gas Concentration: 18.90 PPM
2024-12-07 17:16:03,OLEDDisplayTask
2024-12-07 17:16:03,OLEDDisplayTask
2024-12-07 17:16:03,OLEDDisplayTask
2024-12-07 17:16:04,OLEDDisplayTask
2024-12-07 17:16:04,OLEDDisplayTask
2024-12-07 17:16:04,OLEDDisplayTask
2024-12-07 17:16:04,OLEDDisplayTask
2024-12-07 17:16:04,OLEDDisplayTask
2024-12-07 17:16:04,OLEDDisplayTask
2024-12-07 17:16:04,OLEDDisplayTask
2024-12-07 17:16:04,ReadDHT11Task
2024-12-07 17:16:04,OLEDDisplayTask
2024-12-07 17:16:04,OLEDDisplayTask
2024-12-07 17:16:05,OLEDDisplayTask
2024-12-07 17:16:05,OLEDDisplayTask
2024-12-07 17:16:05,OLEDDisplayTask
2024-12-07 17:16:05,Temperature: 41 °C	Humidity: 42 %
2024-12-07 17:16:05,OLEDDisplayTask
2024-12-07 17:16:05,OLEDDisplayTask
2024-12-07 17:16:05,OLEDDisplayTask
2024-12-07 17:16:05,Mq2Task
2024-12-07 17:16:05,MQ-2 Gas Concentration: 18.97 PPM
2024-12-07 17:16:05,OLEDDisplayTask
2024-12-07 17:16:05,OLEDDisplayTask
2024-12-07 17:16:05,OLEDDisplayTask
2024-12-07 17:16:06,OLEDDisplayTask
2024-12-07 17:16:06,OLEDDisplayTask
2024-12-07 17:16:06,OLEDDisplayTask
2024-12-07 17:16:06,OLEDDisplayTask
2024-12-07 17:16:06,OLEDDisplayTask
2024-12-07 17:16:06,OLEDDisplayTask
2024-12-07 17:16:06,OLEDDisplayTask
2024-12-07 17:16:06,OLEDDisplayTask
2024-12-07 17:16:06,OLEDDisplayTask
2024-12-07 17:16:07,OLEDDisplayTask
2024-12-07 17:16:07,OLEDDisplayTask
2024-12-07 17:16:07,ReadDHT11Task
2024-12-07 17:16:07,OLEDDisplayTask
2024-12-07 17:16:07,OLEDDisplayTask
2024-12-07 17:16:07,OLEDDisplayTask
2024-12-07 17:16:07,OLEDDisplayTask
2024-12-07 17:16:07,Mq2Task
2024-12-07 17:16:07,MQ-2 Gas Concentration: 17.95 PPM
2024-12-07 17:16:07,OLEDDisplayTask
2024-12-07 17:16:07,Temperature: 41 °C	Humidity: 42 %
2024-12-07 17:16:07,OLEDDisplayTask
2024-12-07 17:16:07,OLEDDisplayTask
2024-12-07 17:16:08,OLEDDisplayTask
2024-12-07 17:16:08,OLEDDisplayTask
2024-12-07 17:16:08,OLEDDisplayTask
2024-12-07 17:16:08,OLEDDisplayTask
2024-12-07 17:16:08,OLEDDisplayTask
2024-12-07 17:16:08,OLEDDisplayTask
2024-12-07 17:16:08,OLEDDisplayTask
2024-12-07 17:16:08,OLEDDisplayTask
2024-12-07 17:16:09,OLEDDisplayTask
2024-12-07 17:16:09,OLEDDisplayTask
2024-12-07 17:16:09,OLEDDisplayTask
2024-12-07 17:16:09,OLEDDisplayTask
2024-12-07 17:16:09,OLEDDisplayTask
2024-12-07 17:16:09,OLEDDisplayTask
2024-12-07 17:16:09,OLEDDisplayTask
2024-12-07 17:16:09,Mq2Task
2024-12-07 17:16:09,MQ-2 Gas Concentration: OLEDDisplayTask
2024-12-07 17:16:09,19.42 PPM
2024-12-07 17:16:09,ReadDHT11Task
2024-12-07 17:16:09,OLEDDisplayTask
2024-12-07 17:16:10,OLEDDisplayTask
2024-12-07 17:16:10,OLEDDisplayTask
2024-12-07 17:16:10,OLEDDisplayTask
2024-12-07 17:16:10,Temperature: 41 °C	Humidity: 42 %
2024-12-07 17:16:10,OLEDDisplayTask
2024-12-07 17:16:10,OLEDDisplayTask
2024-12-07 17:16:10,OLEDDisplayTask
2024-12-07 17:16:10,OLEDDisplayTask
2024-12-07 17:16:10,OLEDDisplayTask
2024-12-07 17:16:10,OLEDDisplayTask
2024-12-07 17:16:11,OLEDDisplayTask
2024-12-07 17:16:11,OLEDDisplayTask
2024-12-07 17:16:11,OLEDDisplayTask
2024-12-07 17:16:11,OLEDDisplayTask
2024-12-07 17:16:11,OLEDDisplayTask
2024-12-07 17:16:11,OLEDDisplayTask
2024-12-07 17:16:11,OLEDDisplayTask
2024-12-07 17:16:11,Mq2Task
2024-12-07 17:16:11,OLEDDisplayTask
2024-12-07 17:16:11,MQ-2 Gas Concentration: 17.08 PPM
2024-12-07 17:16:11,OLEDDisplayTask
2024-12-07 17:16:12,OLEDDisplayTask
2024-12-07 17:16:12,OLEDDisplayTask
2024-12-07 17:16:12,OLEDDisplayTask
2024-12-07 17:16:12,ReadDHT11Task
2024-12-07 17:16:12,OLEDDisplayTask
2024-12-07 17:16:12,OLEDDisplayTask
2024-12-07 17:16:12,OLEDDisplayTask
2024-12-07 17:16:12,OLEDDisplayTask
2024-12-07 17:16:12,OLEDDisplayTask
2024-12-07 17:16:12,Temperature: 41 °C	Humidity: 42 %
2024-12-07 17:16:12,OLEDDisplayTask
2024-12-07 17:16:13,OLEDDisplayTask
2024-12-07 17:16:13,OLEDDisplayTask
2024-12-07 17:16:13,OLEDDisplayTask
2024-12-07 17:16:13,OLEDDisplayTask
2024-12-07 17:16:13,OLEDDisplayTask
2024-12-07 17:16:13,OLEDDisplayTask
2024-12-07 17:16:13,OLEDDisplayTask
2024-12-07 17:16:13,Mq2Task
2024-12-07 17:16:13,OLEDDisplayTask
2024-12-07 17:16:13,MQ-2 Gas Concentration: 17.14 PPM
2024-12-07 17:16:13,OLEDDisplayTask
2024-12-07 17:16:14,OLEDDisplayTask
2024-12-07 17:16:14,OLEDDisplayTask
2024-12-07 17:16:14,OLEDDisplayTask
2024-12-07 17:16:14,OLEDDisplayTask
2024-12-07 17:16:14,OLEDDisplayTask
2024-12-07 17:16:14,OLEDDisplayTask
2024-12-07 17:16:14,OLEDDisplayTask
2024-12-07 17:16:14,ReadDHT11Task
2024-12-07 17:16:14,OLEDDisplayTask
2024-12-07 17:16:14,OLEDDisplayTask
2024-12-07 17:16:15,OLEDDisplayTask
2024-12-07 17:16:15,OLEDDisplayTask
2024-12-07 17:16:15,OLEDDisplayTask
2024-12-07 17:16:15,Temperature: 41 °C	Humidity: 42 %
2024-12-07 17:16:15,OLEDDisplayTask
2024-12-07 17:16:15,OLEDDisplayTask
2024-12-07 17:16:15,OLEDDisplayTask
2024-12-07 17:16:15,OLEDDisplayTask
2024-12-07 17:16:15,Mq2Task
2024-12-07 17:16:15,OLEDDisplayTask
2024-12-07 17:16:15,MQ-2 Gas Concentration: 17.82 PPM
2024-12-07 17:16:16,OLEDDisplayTask
2024-12-07 17:16:16,OLEDDisplayTask
2024-12-07 17:16:16,OLEDDisplayTask
2024-12-07 17:16:16,OLEDDisplayTask
2024-12-07 17:16:16,OLEDDisplayTask
2024-12-07 17:16:16,OLEDDisplayTask
2024-12-07 17:16:16,OLEDDisplayTask
2024-12-07 17:16:16,OLEDDisplayTask
2024-12-07 17:16:16,OLEDDisplayTask
2024-12-07 17:16:17,OLEDDisplayTask
2024-12-07 17:16:17,OLEDDisplayTask
2024-12-07 17:16:17,OLEDDisplayTask
2024-12-07 17:16:17,OLEDDisplayTask
2024-12-07 17:16:17,ReadDHT11Task
2024-12-07 17:16:17,OLEDDisplayTask
2024-12-07 17:16:17,OLEDDisplayTask
2024-12-07 17:16:17,OLEDDisplayTask
2024-12-07 17:16:17,OLEDDisplayTask
2024-12-07 17:16:17,Temperature: 41 °C	Humidity: 42 %
2024-12-07 17:16:17,Mq2Task
2024-12-07 17:16:17,OLEDDisplayTask
2024-12-07 17:16:17,MQ-2 Gas Concentration: 16.07 PPM
2024-12-07 17:16:18,OLEDDisplayTask
2024-12-07 17:16:18,OLEDDisplayTask
2024-12-07 17:16:18,OLEDDisplayTask
2024-12-07 17:16:18,OLEDDisplayTask
2024-12-07 17:16:18,OLEDDisplayTask
2024-12-07 17:16:18,OLEDDisplayTask
2024-12-07 17:16:18,OLEDDisplayTask
2024-12-07 17:16:18,OLEDDisplayTask
2024-12-07 17:16:18,OLEDDisplayTask
2024-12-07 17:16:19,OLEDDisplayTask
2024-12-07 17:16:19,OLEDDisplayTask
2024-12-07 17:16:19,OLEDDisplayTask
2024-12-07 17:16:19,OLEDDisplayTask
2024-12-07 17:16:19,OLEDDisplayTask
2024-12-07 17:16:19,OLEDDisplayTask
2024-12-07 17:16:19,OLEDDisplayTask
2024-12-07 17:16:19,OLEDDisplayTask
2024-12-07 17:16:19,ReadDHT11Task
2024-12-07 17:16:19,Mq2Task
2024-12-07 17:16:19,OLEDDisplayTask
2024-12-07 17:16:19,MQ-2 Gas Concentration: 19.56 PPM
2024-12-07 17:16:20,OLEDDisplayTask
2024-12-07 17:16:20,OLEDDisplayTask
2024-12-07 17:16:20,OLEDDisplayTask
2024-12-07 17:16:20,OLEDDisplayTask
2024-12-07 17:16:20,Error 253 Reading from DHT11 timed out.
2024-12-07 17:16:20,OLEDDisplayTask
2024-12-07 17:16:20,OLEDDisplayTask
2024-12-07 17:16:20,OLEDDisplayTask
2024-12-07 17:16:20,OLEDDisplayTask
2024-12-07 17:16:20,OLEDDisplayTask
2024-12-07 17:16:21,OLEDDisplayTask
2024-12-07 17:16:21,OLEDDisplayTask
2024-12-07 17:16:21,OLEDDisplayTask
2024-12-07 17:16:21,OLEDDisplayTask
2024-12-07 17:16:21,OLEDDisplayTask
2024-12-07 17:16:21,OLEDDisplayTask
2024-12-07 17:16:21,OLEDDisplayTask
2024-12-07 17:16:21,OLEDDisplayTask
2024-12-07 17:16:21,Mq2Task
2024-12-07 17:16:21,OLEDDisplayTask
2024-12-07 17:16:22,MQ-2 Gas Concentration: 17.82 PPM
2024-12-07 17:16:22,OLEDDisplayTask
2024-12-07 17:16:22,OLEDDisplayTask
2024-12-07 17:16:22,OLEDDisplayTask
2024-12-07 17:16:22,ReadDHT11Task
2024-12-07 17:16:22,OLEDDisplayTask
2024-12-07 17:16:22,OLEDDisplayTask
2024-12-07 17:16:22,OLEDDisplayTask
2024-12-07 17:16:22,OLEDDisplayTask
2024-12-07 17:16:22,OLEDDisplayTask
2024-12-07 17:16:22,Temperature: 41 °C	Humidity: 42 %
2024-12-07 17:16:23,OLEDDisplayTask
2024-12-07 17:16:23,OLEDDisplayTask
2024-12-07 17:16:23,OLEDDisplayTask
2024-12-07 17:16:23,OLEDDisplayTask
2024-12-07 17:16:23,OLEDDisplayTask
2024-12-07 17:16:23,OLEDDisplayTask
2024-12-07 17:16:23,OLEDDisplayTask
2024-12-07 17:16:23,OLEDDisplayTask
2024-12-07 17:16:23,OLEDDisplayTask
2024-12-07 17:16:24,OLEDDisplayTask
2024-12-07 17:16:24,Mq2Task
2024-12-07 17:16:24,MQ-2 Gas Concentration: 19.03 PPM
2024-12-07 17:16:24,OLEDDisplayTask
2024-12-07 17:16:24,OLEDDisplayTask
2024-12-07 17:16:24,OLEDDisplayTask
2024-12-07 17:16:24,OLEDDisplayTask
2024-12-07 17:16:24,OLEDDisplayTask
2024-12-07 17:16:24,OLEDDisplayTask
2024-12-07 17:16:24,OLEDDisplayTask
2024-12-07 17:16:24,OLEDDisplayTask
2024-12-07 17:16:24,ReadDHT11Task
2024-12-07 17:16:25,OLEDDisplayTask
2024-12-07 17:16:25,OLEDDisplayTask
2024-12-07 17:16:25,OLEDDisplayTask
2024-12-07 17:16:25,OLEDDisplayTask
2024-12-07 17:16:25,Temperature: 41 °C	Humidity: 42 %
2024-12-07 17:16:25,OLEDDisplayTask
2024-12-07 17:16:25,OLEDDisplayTask
2024-12-07 17:16:25,OLEDDisplayTask
2024-12-07 17:16:25,OLEDDisplayTask
2024-12-07 17:16:25,OLEDDisplayTask
2024-12-07 17:16:26,OLEDDisplayTask
2024-12-07 17:16:26,Mq2Task
2024-12-07 17:16:26,MQ-2 Gas Concentration: 17.57 PPM
2024-12-07 17:16:26,OLEDDisplayTask
2024-12-07 17:16:26,OLEDDisplayTask
2024-12-07 17:16:26,OLEDDisplayTask
2024-12-07 17:16:26,OLEDDisplayTask
2024-12-07 17:16:26,OLEDDisplayTask
2024-12-07 17:16:26,OLEDDisplayTask
2024-12-07 17:16:26,OLEDDisplayTask
2024-12-07 17:16:26,OLEDDisplayTask
2024-12-07 17:16:27,OLEDDisplayTask
2024-12-07 17:16:27,OLEDDisplayTask
2024-12-07 17:16:27,OLEDDisplayTask
2024-12-07 17:16:27,OLEDDisplayTask
2024-12-07 17:16:27,ReadDHT11Task
2024-12-07 17:16:27,OLEDDisplayTask
2024-12-07 17:16:27,OLEDDisplayTask
2024-12-07 17:16:27,OLEDDisplayTask
2024-12-07 17:16:27,OLEDDisplayTask
2024-12-07 17:16:27,OLEDDisplayTask
2024-12-07 17:16:27,Temperature: 41 °C	Humidity: 42 %
2024-12-07 17:16:28,OLEDDisplayTask
2024-12-07 17:16:28,Mq2Task
2024-12-07 17:16:28,MQ-2 Gas Concentration: 18.45 PPM
2024-12-07 17:16:28,OLEDDisplayTask
2024-12-07 17:16:28,OLEDDisplayTask
2024-12-07 17:16:28,OLEDDisplayTask
2024-12-07 17:16:28,OLEDDisplayTask
2024-12-07 17:16:28,OLEDDisplayTask
2024-12-07 17:16:28,OLEDDisplayTask
2024-12-07 17:16:28,OLEDDisplayTask
2024-12-07 17:16:29,OLEDDisplayTask
2024-12-07 17:16:29,OLEDDisplayTask
2024-12-07 17:16:29,OLEDDisplayTask
2024-12-07 17:16:29,OLEDDisplayTask
2024-12-07 17:16:29,OLEDDisplayTask
2024-12-07 17:16:29,OLEDDisplayTask
2024-12-07 17:16:29,OLEDDisplayTask
2024-12-07 17:16:29,OLEDDisplayTask
2024-12-07 17:16:29,OLEDDisplayTask
2024-12-07 17:16:29,ReadDHT11Task
2024-12-07 17:16:30,OLEDDisplayTask
2024-12-07 17:16:30,OLEDDisplayTask
2024-12-07 17:16:30,Mq2Task
2024-12-07 17:16:30,MQ-2 Gas Concentration: 17.82 PPM
2024-12-07 17:16:30,OLEDDisplayTask
2024-12-07 17:16:30,OLEDDisplayTask
2024-12-07 17:16:30,OLEDDisplayTask
2024-12-07 17:16:30,Temperature: 41 °C	Humidity: 42 %
2024-12-07 17:16:30,OLEDDisplayTask
2024-12-07 17:16:30,OLEDDisplayTask
2024-12-07 17:16:30,OLEDDisplayTask
2024-12-07 17:16:30,OLEDDisplayTask
2024-12-07 17:16:31,OLEDDisplayTask
2024-12-07 17:16:31,OLEDDisplayTask
2024-12-07 17:16:31,OLEDDisplayTask
2024-12-07 17:16:31,OLEDDisplayTask
2024-12-07 17:16:31,OLEDDisplayTask
2024-12-07 17:16:31,OLEDDisplayTask
2024-12-07 17:16:31,OLEDDisplayTask
2024-12-07 17:16:31,OLEDDisplayTask
2024-12-07 17:16:31,OLEDDisplayTask
2024-12-07 17:16:32,OLEDDisplayTask
2024-12-07 17:16:32,OLEDDisplayTask
2024-12-07 17:16:32,Mq2Task
2024-12-07 17:16:32,MQ-2 Gas Concentration: 16.78 PPM
2024-12-07 17:16:32,OLEDDisplayTask
2024-12-07 17:16:32,OLEDDisplayTask
2024-12-07 17:16:32,OLEDDisplayTask
2024-12-07 17:16:32,ReadDHT11Task
2024-12-07 17:16:32,OLEDDisplayTask
2024-12-07 17:16:32,OLEDDisplayTask
2024-12-07 17:16:32,OLEDDisplayTask
2024-12-07 17:16:32,OLEDDisplayTask
2024-12-07 17:16:33,Error 253 Reading from DHT11 timed out.
2024-12-07 17:16:33,OLEDDisplayTask
2024-12-07 17:16:33,OLEDDisplayTask
2024-12-07 17:16:33,OLEDDisplayTask
2024-12-07 17:16:33,OLEDDisplayTask
2024-12-07 17:16:33,OLEDDisplayTask
2024-12-07 17:16:33,OLEDDisplayTask
2024-12-07 17:16:33,OLEDDisplayTask
2024-12-07 17:16:33,OLEDDisplayTask
2024-12-07 17:16:33,OLEDDisplayTask
2024-12-07 17:16:34,OLEDDisplayTask
2024-12-07 17:16:34,OLEDDisplayTask
2024-12-07 17:16:34,Mq2Task
2024-12-07 17:16:34,MQ-2 Gas Concentration: 17.57 PPM
2024-12-07 17:16:34,OLEDDisplayTask
2024-12-07 17:16:34,OLEDDisplayTask
2024-12-07 17:16:34,OLEDDisplayTask
2024-12-07 17:16:34,OLEDDisplayTask
2024-12-07 17:16:34,OLEDDisplayTask
2024-12-07 17:16:34,OLEDDisplayTask
2024-12-07 17:16:34,OLEDDisplayTask
2024-12-07 17:16:35,ReadDHT11Task
2024-12-07 17:16:35,OLEDDisplayTask
2024-12-07 17:16:35,OLEDDisplayTask
2024-12-07 17:16:35,OLEDDisplayTask
2024-12-07 17:16:35,OLEDDisplayTask
2024-12-07 17:16:35,Temperature: 41 °C	Humidity: 42 %
2024-12-07 17:16:35,OLEDDisplayTask
2024-12-07 17:16:35,OLEDDisplayTask
2024-12-07 17:16:35,OLEDDisplayTask
2024-12-07 17:16:35,OLEDDisplayTask
2024-12-07 17:16:36,OLEDDisplayTask
2024-12-07 17:16:36,OLEDDisplayTask
2024-12-07 17:16:36,OLEDDisplayTask
2024-12-07 17:16:36,Mq2Task
2024-12-07 17:16:36,MQ-2 Gas Concentration: 17.33 PPM
2024-12-07 17:16:36,OLEDDisplayTask
2024-12-07 17:16:36,OLEDDisplayTask
2024-12-07 17:16:36,OLEDDisplayTask
2024-12-07 17:16:36,OLEDDisplayTask
2024-12-07 17:16:36,OLEDDisplayTask
2024-12-07 17:16:36,OLEDDisplayTask
2024-12-07 17:16:37,OLEDDisplayTask
2024-12-07 17:16:37,OLEDDisplayTask
2024-12-07 17:16:37,OLEDDisplayTask
2024-12-07 17:16:37,OLEDDisplayTask
2024-12-07 17:16:37,OLEDDisplayTask
2024-12-07 17:16:37,ReadDHT11Task
2024-12-07 17:16:37,OLEDDisplayTask
2024-12-07 17:16:37,OLEDDisplayTask
2024-12-07 17:16:37,OLEDDisplayTask
2024-12-07 17:16:37,OLEDDisplayTask
2024-12-07 17:16:38,OLEDDisplayTask
2024-12-07 17:16:38,Temperature: 41 °C	Humidity: 42 %
2024-12-07 17:16:38,OLEDDisplayTask
2024-12-07 17:16:38,OLEDDisplayTask
2024-12-07 17:16:38,Mq2Task
2024-12-07 17:16:38,MQ-2 Gas Concentration: 15.77 PPM
2024-12-07 17:16:38,OLEDDisplayTask
2024-12-07 17:16:38,OLEDDisplayTask
2024-12-07 17:16:38,OLEDDisplayTask
2024-12-07 17:16:38,OLEDDisplayTask
2024-12-07 17:16:38,OLEDDisplayTask
2024-12-07 17:16:38,OLEDDisplayTask
2024-12-07 17:16:39,OLEDDisplayTask
2024-12-07 17:16:39,OLEDDisplayTask
2024-12-07 17:16:39,OLEDDisplayTask
2024-12-07 17:16:39,OLEDDisplayTask
2024-12-07 17:16:39,OLEDDisplayTask
2024-12-07 17:16:39,OLEDDisplayTask
2024-12-07 17:16:39,OLEDDisplayTask
2024-12-07 17:16:39,OLEDDisplayTask
2024-12-07 17:16:39,OLEDDisplayTask
2024-12-07 17:16:40,ReadDHT11Task
2024-12-07 17:16:40,OLEDDisplayTask
2024-12-07 17:16:40,OLEDDisplayTask
2024-12-07 17:16:40,OLEDDisplayTask
2024-12-07 17:16:40,Mq2Task
2024-12-07 17:16:40,MQ-2 Gas Concentration: 16.07 PPM
2024-12-07 17:16:40,OLEDDisplayTask
2024-12-07 17:16:40,OLEDDisplayTask
2024-12-07 17:16:40,Temperature: 41 °C	Humidity: 42 %
2024-12-07 17:16:40,OLEDDisplayTask
2024-12-07 17:16:40,OLEDDisplayTask
2024-12-07 17:16:40,OLEDDisplayTask
2024-12-07 17:16:40,OLEDDisplayTask
2024-12-07 17:16:41,OLEDDisplayTask
2024-12-07 17:16:41,OLEDDisplayTask
2024-12-07 17:16:41,OLEDDisplayTask
2024-12-07 17:16:41,OLEDDisplayTask
2024-12-07 17:16:41,OLEDDisplayTask
2024-12-07 17:16:41,OLEDDisplayTask
2024-12-07 17:16:41,OLEDDisplayTask
2024-12-07 17:16:41,OLEDDisplayTask
2024-12-07 17:16:41,OLEDDisplayTask
2024-12-07 17:16:42,OLEDDisplayTask
2024-12-07 17:16:42,OLEDDisplayTask
2024-12-07 17:16:42,OLEDDisplayTask
2024-12-07 17:16:42,Mq2Task
2024-12-07 17:16:42,MQ-2 Gas Concentration: OLEDDisplayTask
2024-12-07 17:16:42,18.26 PPM
2024-12-07 17:16:42,OLEDDisplayTask
2024-12-07 17:16:42,ReadDHT11Task
2024-12-07 17:16:42,OLEDDisplayTask
2024-12-07 17:16:42,OLEDDisplayTask
2024-12-07 17:16:42,OLEDDisplayTask
2024-12-07 17:16:43,OLEDDisplayTask
2024-12-07 17:16:43,Temperature: 41 °C	Humidity: 42 %
2024-12-07 17:16:43,OLEDDisplayTask
2024-12-07 17:16:43,OLEDDisplayTask
2024-12-07 17:16:43,OLEDDisplayTask
2024-12-07 17:16:43,OLEDDisplayTask
2024-12-07 17:16:43,OLEDDisplayTask
2024-12-07 17:16:43,OLEDDisplayTask
2024-12-07 17:16:43,OLEDDisplayTask
2024-12-07 17:16:43,OLEDDisplayTask
2024-12-07 17:16:44,OLEDDisplayTask
2024-12-07 17:16:44,OLEDDisplayTask
2024-12-07 17:16:44,OLEDDisplayTask
2024-12-07 17:16:44,OLEDDisplayTask
2024-12-07 17:16:44,Mq2Task
2024-12-07 17:16:44,OLEDDisplayTask
2024-12-07 17:16:44,MQ-2 Gas Concentration: 18.90 PPM
2024-12-07 17:16:44,OLEDDisplayTask
2024-12-07 17:16:44,OLEDDisplayTask
2024-12-07 17:16:44,OLEDDisplayTask
2024-12-07 17:16:44,OLEDDisplayTask
2024-12-07 17:16:45,OLEDDisplayTask
2024-12-07 17:16:45,ReadDHT11Task
2024-12-07 17:16:45,OLEDDisplayTask
2024-12-07 17:16:45,OLEDDisplayTask
2024-12-07 17:16:45,OLEDDisplayTask
2024-12-07 17:16:45,OLEDDisplayTask
2024-12-07 17:16:45,OLEDDisplayTask
2024-12-07 17:16:45,Error 253 Reading from DHT11 timed out.
2024-12-07 17:16:45,OLEDDisplayTask
2024-12-07 17:16:45,OLEDDisplayTask
2024-12-07 17:16:45,OLEDDisplayTask
2024-12-07 17:16:46,OLEDDisplayTask
2024-12-07 17:16:46,OLEDDisplayTask
2024-12-07 17:16:46,OLEDDisplayTask
2024-12-07 17:16:46,OLEDDisplayTask
2024-12-07 17:16:46,Mq2Task
2024-12-07 17:16:46,OLEDDisplayTask
2024-12-07 17:16:46,MQ-2 Gas Concentration: 16.90 PPM
2024-12-07 17:16:46,OLEDDisplayTask
2024-12-07 17:16:46,OLEDDisplayTask
2024-12-07 17:16:46,OLEDDisplayTask
2024-12-07 17:16:46,OLEDDisplayTask
2024-12-07 17:16:47,OLEDDisplayTask
2024-12-07 17:16:47,OLEDDisplayTask
2024-12-07 17:16:47,OLEDDisplayTask
2024-12-07 17:16:47,OLEDDisplayTask
2024-12-07 17:16:47,OLEDDisplayTask
2024-12-07 17:16:47,ReadDHT11Task
2024-12-07 17:16:47,OLEDDisplayTask
2024-12-07 17:16:47,OLEDDisplayTask
2024-12-07 17:16:47,OLEDDisplayTask
2024-12-07 17:16:47,OLEDDisplayTask
2024-12-07 17:16:48,OLEDDisplayTask
2024-12-07 17:16:48,Temperature: 41 °C	Humidity: 42 %
2024-12-07 17:16:48,OLEDDisplayTask
2024-12-07 17:16:48,OLEDDisplayTask
2024-12-07 17:16:48,OLEDDisplayTask
2024-12-07 17:16:48,Mq2Task
2024-12-07 17:16:48,OLEDDisplayTask
2024-12-07 17:16:48,MQ-2 Gas Concentration: OLEDDisplayTask
2024-12-07 17:16:48,18.84 PPM
2024-12-07 17:16:48,OLEDDisplayTask
2024-12-07 17:16:48,OLEDDisplayTask
2024-12-07 17:16:49,OLEDDisplayTask
2024-12-07 17:16:49,OLEDDisplayTask
2024-12-07 17:16:49,OLEDDisplayTask
2024-12-07 17:16:49,OLEDDisplayTask
2024-12-07 17:16:49,OLEDDisplayTask
2024-12-07 17:16:49,OLEDDisplayTask
2024-12-07 17:16:49,OLEDDisplayTask
2024-12-07 17:16:49,OLEDDisplayTask
2024-12-07 17:16:49,OLEDDisplayTask
2024-12-07 17:16:50,OLEDDisplayTask
2024-12-07 17:16:50,OLEDDisplayTask
2024-12-07 17:16:50,ReadDHT11Task
2024-12-07 17:16:50,OLEDDisplayTask
2024-12-07 17:16:50,OLEDDisplayTask
2024-12-07 17:16:50,OLEDDisplayTask
2024-12-07 17:16:50,OLEDDisplayTask
2024-12-07 17:16:50,Mq2Task
2024-12-07 17:16:50,Temperature: 41 °C	Humidity: 42 %
2024-12-07 17:16:50,OLEDDisplayTask
2024-12-07 17:16:50,MQ-2 Gas Concentration: 11.98 PPM
2024-12-07 17:16:50,OLEDDisplayTask
2024-12-07 17:16:50,OLEDDisplayTask
2024-12-07 17:16:51,OLEDDisplayTask
2024-12-07 17:16:51,OLEDDisplayTask
2024-12-07 17:16:51,OLEDDisplayTask
2024-12-07 17:16:51,OLEDDisplayTask
2024-12-07 17:16:51,OLEDDisplayTask
2024-12-07 17:16:51,OLEDDisplayTask
2024-12-07 17:16:51,OLEDDisplayTask
2024-12-07 17:16:51,OLEDDisplayTask
2024-12-07 17:16:51,OLEDDisplayTask
2024-12-07 17:16:52,OLEDDisplayTask
2024-12-07 17:16:52,OLEDDisplayTask
2024-12-07 17:16:52,OLEDDisplayTask
2024-12-07 17:16:52,OLEDDisplayTask
2024-12-07 17:16:52,OLEDDisplayTask
2024-12-07 17:16:52,OLEDDisplayTask
2024-12-07 17:16:52,ReadDHT11Task
2024-12-07 17:16:52,Mq2Task
2024-12-07 17:16:52,OLEDDisplayTask
2024-12-07 17:16:52,MQ-2 Gas Concentration: 17.08 PPM
2024-12-07 17:16:52,OLEDDisplayTask
2024-12-07 17:16:52,OLEDDisplayTask
2024-12-07 17:16:53,OLEDDisplayTask
2024-12-07 17:16:53,OLEDDisplayTask
2024-12-07 17:16:53,Temperature: 41 °C	Humidity: 42 %
2024-12-07 17:16:53,OLEDDisplayTask
2024-12-07 17:16:53,OLEDDisplayTask
2024-12-07 17:16:53,OLEDDisplayTask
2024-12-07 17:16:53,OLEDDisplayTask
2024-12-07 17:16:53,OLEDDisplayTask
2024-12-07 17:16:53,OLEDDisplayTask
2024-12-07 17:16:53,OLEDDisplayTask
2024-12-07 17:16:54,OLEDDisplayTask
2024-12-07 17:16:54,OLEDDisplayTask
2024-12-07 17:16:54,OLEDDisplayTask
2024-12-07 17:16:54,OLEDDisplayTask
2024-12-07 17:16:54,OLEDDisplayTask
2024-12-07 17:16:54,OLEDDisplayTask
2024-12-07 17:16:54,Mq2Task
2024-12-07 17:16:54,OLEDDisplayTask
2024-12-07 17:16:54,MQ-2 Gas Concentration: 17.88 PPM
2024-12-07 17:16:54,OLEDDisplayTask
2024-12-07 17:16:54,OLEDDisplayTask
2024-12-07 17:16:55,OLEDDisplayTask
2024-12-07 17:16:55,ReadDHT11Task
2024-12-07 17:16:55,OLEDDisplayTask
2024-12-07 17:16:55,OLEDDisplayTask
2024-12-07 17:16:55,OLEDDisplayTask
2024-12-07 17:16:55,OLEDDisplayTask
2024-12-07 17:16:55,OLEDDisplayTask
2024-12-07 17:16:55,Temperature: 41 °C	Humidity: 42 %
2024-12-07 17:16:55,OLEDDisplayTask
2024-12-07 17:16:55,OLEDDisplayTask
2024-12-07 17:16:56,OLEDDisplayTask
2024-12-07 17:16:56,OLEDDisplayTask
2024-12-07 17:16:56,OLEDDisplayTask
2024-12-07 17:16:56,OLEDDisplayTask
2024-12-07 17:16:56,OLEDDisplayTask
2024-12-07 17:16:56,OLEDDisplayTask
2024-12-07 17:16:56,OLEDDisplayTask
2024-12-07 17:16:56,Mq2Task
2024-12-07 17:16:56,OLEDDisplayTask
2024-12-07 17:16:56,MQ-2 Gas Concentration: OLEDDisplayTask
2024-12-07 17:16:56,18.90 PPM
2024-12-07 17:16:57,OLEDDisplayTask
2024-12-07 17:16:57,OLEDDisplayTask
2024-12-07 17:16:57,OLEDDisplayTask
2024-12-07 17:16:57,OLEDDisplayTask
2024-12-07 17:16:57,OLEDDisplayTask
2024-12-07 17:16:57,OLEDDisplayTask
2024-12-07 17:16:57,OLEDDisplayTask
2024-12-07 17:16:57,ReadDHT11Task
2024-12-07 17:16:57,OLEDDisplayTask
2024-12-07 17:16:57,OLEDDisplayTask
2024-12-07 17:16:58,OLEDDisplayTask
2024-12-07 17:16:58,OLEDDisplayTask
2024-12-07 17:16:58,Temperature: 41 °C	Humidity: 42 %
2024-12-07 17:16:58,OLEDDisplayTask
2024-12-07 17:16:58,OLEDDisplayTask
2024-12-07 17:16:58,OLEDDisplayTask
2024-12-07 17:16:58,OLEDDisplayTask
2024-12-07 17:16:58,OLEDDisplayTask
2024-12-07 17:16:58,OLEDDisplayTask
2024-12-07 17:16:58,Mq2Task
2024-12-07 17:16:58,OLEDDisplayTask
2024-12-07 17:16:58,MQ-2 Gas Concentration: 15.49 PPM
2024-12-07 17:16:59,OLEDDisplayTask
2024-12-07 17:16:59,OLEDDisplayTask
2024-12-07 17:16:59,OLEDDisplayTask
2024-12-07 17:16:59,OLEDDisplayTask
2024-12-07 17:16:59,OLEDDisplayTask
2024-12-07 17:16:59,OLEDDisplayTask
2024-12-07 17:16:59,OLEDDisplayTask
2024-12-07 17:16:59,OLEDDisplayTask
2024-12-07 17:16:59,OLEDDisplayTask
2024-12-07 17:17:00,OLEDDisplayTask
2024-12-07 17:17:00,OLEDDisplayTask
2024-12-07 17:17:00,ReadDHT11Task
2024-12-07 17:17:00,OLEDDisplayTask
2024-12-07 17:17:00,OLEDDisplayTask
2024-12-07 17:17:00,OLEDDisplayTask
2024-12-07 17:17:00,OLEDDisplayTask
2024-12-07 17:17:00,OLEDDisplayTask
2024-12-07 17:17:00,Temperature: 41 °C	Humidity: 42 %
2024-12-07 17:17:00,OLEDDisplayTask
2024-12-07 17:17:00,Mq2Task
2024-12-07 17:17:00,OLEDDisplayTask
2024-12-07 17:17:00,MQ-2 Gas Concentration: 18.84 PPM
2024-12-07 17:17:01,OLEDDisplayTask
2024-12-07 17:17:01,OLEDDisplayTask
2024-12-07 17:17:01,OLEDDisplayTask
2024-12-07 17:17:01,OLEDDisplayTask
2024-12-07 17:17:01,OLEDDisplayTask
2024-12-07 17:17:01,OLEDDisplayTask
2024-12-07 17:17:01,OLEDDisplayTask
2024-12-07 17:17:01,OLEDDisplayTask
2024-12-07 17:17:01,OLEDDisplayTask
2024-12-07 17:17:02,OLEDDisplayTask
2024-12-07 17:17:02,OLEDDisplayTask
2024-12-07 17:17:02,OLEDDisplayTask
2024-12-07 17:17:02,OLEDDisplayTask
2024-12-07 17:17:02,OLEDDisplayTask
2024-12-07 17:17:02,OLEDDisplayTask
2024-12-07 17:17:02,ReadDHT11Task
2024-12-07 17:17:02,OLEDDisplayTask
2024-12-07 17:17:02,OLEDDisplayTask
2024-12-07 17:17:02,Mq2Task
2024-12-07 17:17:03,OLEDDisplayTask
2024-12-07 17:17:03,MQ-2 Gas Concentration: 18.77 PPM
2024-12-07 17:17:03,OLEDDisplayTask
2024-12-07 17:17:03,OLEDDisplayTask
2024-12-07 17:17:03,Temperature: 41 °C	Humidity: 42 %
2024-12-07 17:17:03,OLEDDisplayTask
2024-12-07 17:17:03,OLEDDisplayTask
2024-12-07 17:17:03,OLEDDisplayTask
2024-12-07 17:17:03,OLEDDisplayTask
2024-12-07 17:17:03,OLEDDisplayTask
2024-12-07 17:17:03,OLEDDisplayTask
2024-12-07 17:17:04,OLEDDisplayTask
2024-12-07 17:17:04,OLEDDisplayTask
2024-12-07 17:17:04,OLEDDisplayTask
2024-12-07 17:17:04,OLEDDisplayTask
2024-12-07 17:17:04,OLEDDisplayTask
2024-12-07 17:17:04,OLEDDisplayTask
2024-12-07 17:17:04,OLEDDisplayTask
2024-12-07 17:17:04,OLEDDisplayTask
2024-12-07 17:17:04,OLEDDisplayTask
2024-12-07 17:17:05,OLEDDisplayTask
2024-12-07 17:17:05,Mq2Task
2024-12-07 17:17:05,OLEDDisplayTask
2024-12-07 17:17:05,MQ-2 Gas Concentration: 18.01 PPM
2024-12-07 17:17:05,OLEDDisplayTask
2024-12-07 17:17:05,ReadDHT11Task
2024-12-07 17:17:05,OLEDDisplayTask
2024-12-07 17:17:05,OLEDDisplayTask
2024-12-07 17:17:05,OLEDDisplayTask
2024-12-07 17:17:05,OLEDDisplayTask
2024-12-07 17:17:05,Temperature: 41 °C	Humidity: 42 %
2024-12-07 17:17:05,OLEDDisplayTask
2024-12-07 17:17:05,OLEDDisplayTask
2024-12-07 17:17:06,OLEDDisplayTask
2024-12-07 17:17:06,OLEDDisplayTask
2024-12-07 17:17:06,OLEDDisplayTask
2024-12-07 17:17:06,OLEDDisplayTask
2024-12-07 17:17:06,OLEDDisplayTask
2024-12-07 17:17:06,OLEDDisplayTask
2024-12-07 17:17:06,OLEDDisplayTask
2024-12-07 17:17:06,OLEDDisplayTask
2024-12-07 17:17:06,OLEDDisplayTask
2024-12-07 17:17:07,OLEDDisplayTask
2024-12-07 17:17:07,Mq2Task
2024-12-07 17:17:07,OLEDDisplayTask
2024-12-07 17:17:07,MQ-2 Gas Concentration: 18.01 PPM
2024-12-07 17:17:07,OLEDDisplayTask
2024-12-07 17:17:07,OLEDDisplayTask
2024-12-07 17:17:07,OLEDDisplayTask
2024-12-07 17:17:07,OLEDDisplayTask
2024-12-07 17:17:07,OLEDDisplayTask
2024-12-07 17:17:07,ReadDHT11Task
2024-12-07 17:17:07,OLEDDisplayTask
2024-12-07 17:17:07,OLEDDisplayTask
2024-12-07 17:17:08,OLEDDisplayTask
2024-12-07 17:17:08,OLEDDisplayTask
2024-12-07 17:17:08,Temperature: 41 °C	Humidity: 42 %
2024-12-07 17:17:08,OLEDDisplayTask
2024-12-07 17:17:08,OLEDDisplayTask
2024-12-07 17:17:08,OLEDDisplayTask
2024-12-07 17:17:08,OLEDDisplayTask
2024-12-07 17:17:08,OLEDDisplayTask
2024-12-07 17:17:08,OLEDDisplayTask
2024-12-07 17:17:09,OLEDDisplayTask
2024-12-07 17:17:09,OLEDDisplayTask
2024-12-07 17:17:09,Mq2Task
2024-12-07 17:17:09,OLEDDisplayTask
2024-12-07 17:17:09,MQ-2 Gas Concentration: 18.20 PPM
2024-12-07 17:17:09,OLEDDisplayTask
2024-12-07 17:17:09,OLEDDisplayTask
2024-12-07 17:17:09,OLEDDisplayTask
2024-12-07 17:17:09,OLEDDisplayTask
2024-12-07 17:17:09,OLEDDisplayTask
2024-12-07 17:17:09,OLEDDisplayTask
2024-12-07 17:17:10,OLEDDisplayTask
2024-12-07 17:17:10,OLEDDisplayTask
2024-12-07 17:17:10,OLEDDisplayTask
2024-12-07 17:17:10,ReadDHT11Task
2024-12-07 17:17:10,OLEDDisplayTask
2024-12-07 17:17:10,OLEDDisplayTask
2024-12-07 17:17:10,OLEDDisplayTask
2024-12-07 17:17:10,OLEDDisplayTask
2024-12-07 17:17:10,OLEDDisplayTask
2024-12-07 17:17:10,Temperature: 41 °C	Humidity: 42 %
2024-12-07 17:17:10,OLEDDisplayTask
2024-12-07 17:17:11,OLEDDisplayTask
2024-12-07 17:17:11,OLEDDisplayTask
2024-12-07 17:17:11,Mq2Task
2024-12-07 17:17:11,OLEDDisplayTask
2024-12-07 17:17:11,MQ-2 Gas Concentration: OLEDDisplayTask
2024-12-07 17:17:11,17.51 PPM
2024-12-07 17:17:11,OLEDDisplayTask
2024-12-07 17:17:11,OLEDDisplayTask
2024-12-07 17:17:11,OLEDDisplayTask
2024-12-07 17:17:11,OLEDDisplayTask
2024-12-07 17:17:11,OLEDDisplayTask
2024-12-07 17:17:12,OLEDDisplayTask
2024-12-07 17:17:12,OLEDDisplayTask
2024-12-07 17:17:12,OLEDDisplayTask
2024-12-07 17:17:12,OLEDDisplayTask
2024-12-07 17:17:12,OLEDDisplayTask
2024-12-07 17:17:12,OLEDDisplayTask
2024-12-07 17:17:12,OLEDDisplayTask
2024-12-07 17:17:12,OLEDDisplayTask
2024-12-07 17:17:12,ReadDHT11Task
2024-12-07 17:17:12,OLEDDisplayTask
2024-12-07 17:17:13,OLEDDisplayTask
2024-12-07 17:17:13,OLEDDisplayTask
2024-12-07 17:17:13,OLEDDisplayTask
2024-12-07 17:17:13,Temperature: 41 °C	Humidity: 42 %
2024-12-07 17:17:13,Mq2Task
2024-12-07 17:17:13,OLEDDisplayTask
2024-12-07 17:17:13,MQ-2 Gas Concentration: 16.30 PPM
2024-12-07 17:17:13,OLEDDisplayTask
2024-12-07 17:17:13,OLEDDisplayTask
2024-12-07 17:17:13,OLEDDisplayTask
2024-12-07 17:17:13,OLEDDisplayTask
2024-12-07 17:17:13,OLEDDisplayTask
2024-12-07 17:17:14,OLEDDisplayTask
2024-12-07 17:17:14,OLEDDisplayTask
2024-12-07 17:17:14,OLEDDisplayTask
2024-12-07 17:17:14,OLEDDisplayTask
2024-12-07 17:17:14,OLEDDisplayTask
2024-12-07 17:17:14,OLEDDisplayTask
2024-12-07 17:17:14,OLEDDisplayTask
2024-12-07 17:17:14,OLEDDisplayTask
2024-12-07 17:17:14,OLEDDisplayTask
2024-12-07 17:17:15,OLEDDisplayTask
2024-12-07 17:17:15,OLEDDisplayTask
2024-12-07 17:17:15,OLEDDisplayTask
2024-12-07 17:17:15,ReadDHT11Task
2024-12-07 17:17:15,Mq2Task
2024-12-07 17:17:15,OLEDDisplayTask
2024-12-07 17:17:15,MQ-2 Gas Concentration: 18.77 PPM
2024-12-07 17:17:15,OLEDDisplayTask
2024-12-07 17:17:15,OLEDDisplayTask
2024-12-07 17:17:15,OLEDDisplayTask
2024-12-07 17:17:15,Temperature: 41 °C	Humidity: 42 %
2024-12-07 17:17:15,OLEDDisplayTask
2024-12-07 17:17:16,OLEDDisplayTask
2024-12-07 17:17:16,OLEDDisplayTask
2024-12-07 17:17:16,OLEDDisplayTask
2024-12-07 17:17:16,OLEDDisplayTask
2024-12-07 17:17:16,OLEDDisplayTask
2024-12-07 17:17:16,OLEDDisplayTask
2024-12-07 17:17:16,OLEDDisplayTask
2024-12-07 17:17:16,OLEDDisplayTask
2024-12-07 17:17:16,OLEDDisplayTask
2024-12-07 17:17:17,OLEDDisplayTask
2024-12-07 17:17:17,OLEDDisplayTask
2024-12-07 17:17:17,OLEDDisplayTask
2024-12-07 17:17:17,OLEDDisplayTask
2024-12-07 17:17:17,Mq2Task
2024-12-07 17:17:17,OLEDDisplayTask
2024-12-07 17:17:17,MQ-2 Gas Concentration: 16.78 PPM
2024-12-07 17:17:17,OLEDDisplayTask
2024-12-07 17:17:17,OLEDDisplayTask
2024-12-07 17:17:17,OLEDDisplayTask
2024-12-07 17:17:17,ReadDHT11Task
2024-12-07 17:17:17,OLEDDisplayTask
2024-12-07 17:17:18,OLEDDisplayTask
2024-12-07 17:17:18,OLEDDisplayTask
2024-12-07 17:17:18,OLEDDisplayTask
2024-12-07 17:17:18,OLEDDisplayTask
2024-12-07 17:17:18,Temperature: 41 °C	Humidity: 42 %
2024-12-07 17:17:18,OLEDDisplayTask
2024-12-07 17:17:18,OLEDDisplayTask
2024-12-07 17:17:18,OLEDDisplayTask
2024-12-07 17:17:18,OLEDDisplayTask
2024-12-07 17:17:18,OLEDDisplayTask
2024-12-07 17:17:19,OLEDDisplayTask
2024-12-07 17:17:19,OLEDDisplayTask
2024-12-07 17:17:19,OLEDDisplayTask
2024-12-07 17:17:19,OLEDDisplayTask
2024-12-07 17:17:19,Mq2Task
2024-12-07 17:17:19,OLEDDisplayTask
2024-12-07 17:17:19,MQ-2 Gas Concentration: 17.26 PPM
2024-12-07 17:17:19,OLEDDisplayTask
2024-12-07 17:17:19,OLEDDisplayTask
2024-12-07 17:17:19,OLEDDisplayTask
2024-12-07 17:17:19,OLEDDisplayTask
2024-12-07 17:17:20,OLEDDisplayTask
2024-12-07 17:17:20,OLEDDisplayTask
2024-12-07 17:17:20,OLEDDisplayTask
2024-12-07 17:17:20,ReadDHT11Task
2024-12-07 17:17:20,OLEDDisplayTask
2024-12-07 17:17:20,OLEDDisplayTask
2024-12-07 17:17:20,OLEDDisplayTask
2024-12-07 17:17:20,OLEDDisplayTask
2024-12-07 17:17:20,OLEDDisplayTask
2024-12-07 17:17:20,Temperature: 41 °C	Humidity: 42 %
2024-12-07 17:17:20,OLEDDisplayTask
2024-12-07 17:17:21,OLEDDisplayTask
2024-12-07 17:17:21,OLEDDisplayTask
2024-12-07 17:17:21,OLEDDisplayTask
2024-12-07 17:17:21,OLEDDisplayTask
2024-12-07 17:17:21,Mq2Task
2024-12-07 17:17:21,OLEDDisplayTask
2024-12-07 17:17:21,MQ-2 Gas Concentration: 18.45 PPM
2024-12-07 17:17:21,OLEDDisplayTask
2024-12-07 17:17:21,OLEDDisplayTask
2024-12-07 17:17:21,OLEDDisplayTask
2024-12-07 17:17:21,OLEDDisplayTask
2024-12-07 17:17:22,OLEDDisplayTask
2024-12-07 17:17:22,OLEDDisplayTask
2024-12-07 17:17:22,OLEDDisplayTask
2024-12-07 17:17:22,OLEDDisplayTask
2024-12-07 17:17:22,OLEDDisplayTask
2024-12-07 17:17:22,OLEDDisplayTask
2024-12-07 17:17:22,OLEDDisplayTask
2024-12-07 17:17:22,OLEDDisplayTask
2024-12-07 17:17:22,ReadDHT11Task
2024-12-07 17:17:23,OLEDDisplayTask
2024-12-07 17:17:23,OLEDDisplayTask
2024-12-07 17:17:23,OLEDDisplayTask
2024-12-07 17:17:23,OLEDDisplayTask
2024-12-07 17:17:23,Temperature: 40 °C	Humidity: 42 %
2024-12-07 17:17:23,OLEDDisplayTask
2024-12-07 17:17:23,Mq2TaskOLEDDisplayTask
2024-12-07 17:17:23,MQ-2 Gas Concentration: 18.OLEDDisplayTask
2024-12-07 17:17:23,32 PPM
2024-12-07 17:17:23,OLEDDisplayTask
2024-12-07 17:17:23,OLEDDisplayTask
2024-12-07 17:17:24,OLEDDisplayTask
2024-12-07 17:17:24,OLEDDisplayTask
2024-12-07 17:17:24,OLEDDisplayTask
2024-12-07 17:17:24,OLEDDisplayTask
2024-12-07 17:17:24,OLEDDisplayTask
2024-12-07 17:17:24,OLEDDisplayTask
2024-12-07 17:17:24,OLEDDisplayTask
2024-12-07 17:17:24,OLEDDisplayTask
2024-12-07 17:17:24,OLEDDisplayTask
2024-12-07 17:17:25,OLEDDisplayTask
2024-12-07 17:17:25,OLEDDisplayTask
2024-12-07 17:17:25,OLEDDisplayTask
2024-12-07 17:17:25,OLEDDisplayTask
2024-12-07 17:17:25,ReadDHT11Task
2024-12-07 17:17:25,OLEDDisplayTask
2024-12-07 17:17:25,OLEDDisplayTask
2024-12-07 17:17:25,Mq2Task
2024-12-07 17:17:25,OLEDDisplayTask
2024-12-07 17:17:25,MQ-2 Gas Concentration: 16.60 PPM
2024-12-07 17:17:25,OLEDDisplayTask
2024-12-07 17:17:25,OLEDDisplayTask
2024-12-07 17:17:25,Temperature: 40 °C	Humidity: 42 %
2024-12-07 17:17:26,OLEDDisplayTask
2024-12-07 17:17:26,OLEDDisplayTask
2024-12-07 17:17:26,OLEDDisplayTask
2024-12-07 17:17:26,OLEDDisplayTask
2024-12-07 17:17:26,OLEDDisplayTask
2024-12-07 17:17:26,OLEDDisplayTask
2024-12-07 17:17:26,OLEDDisplayTask
2024-12-07 17:17:26,OLEDDisplayTask
2024-12-07 17:17:26,OLEDDisplayTask
2024-12-07 17:17:27,OLEDDisplayTask
2024-12-07 17:17:27,OLEDDisplayTask
2024-12-07 17:17:27,OLEDDisplayTask
2024-12-07 17:17:27,OLEDDisplayTask
2024-12-07 17:17:27,OLEDDisplayTask
2024-12-07 17:17:27,OLEDDisplayTask
2024-12-07 17:17:27,Mq2Task
2024-12-07 17:17:27,OLEDDisplayTask
2024-12-07 17:17:27,MQ-2 Gas Concentration: 17.70 PPM
2024-12-07 17:17:27,OLEDDisplayTask
2024-12-07 17:17:27,ReadDHT11Task
2024-12-07 17:17:27,OLEDDisplayTask
2024-12-07 17:17:28,OLEDDisplayTask
2024-12-07 17:17:28,OLEDDisplayTask
2024-12-07 17:17:28,OLEDDisplayTask
2024-12-07 17:17:28,OLEDDisplayTask
2024-12-07 17:17:28,Temperature: 40 °C	Humidity: 42 %
2024-12-07 17:17:28,OLEDDisplayTask
2024-12-07 17:17:28,OLEDDisplayTask
2024-12-07 17:17:28,OLEDDisplayTask
2024-12-07 17:17:28,OLEDDisplayTask
2024-12-07 17:17:29,OLEDDisplayTask
2024-12-07 17:17:29,OLEDDisplayTask
2024-12-07 17:17:29,OLEDDisplayTask
2024-12-07 17:17:29,OLEDDisplayTask
2024-12-07 17:17:29,OLEDDisplayTask
2024-12-07 17:17:29,OLEDDisplayTask
2024-12-07 17:17:29,OLEDDisplayTask
2024-12-07 17:17:29,Mq2Task
2024-12-07 17:17:29,OLEDDisplayTask
2024-12-07 17:17:29,MQ-2 Gas Concentration: 17.82 PPM
2024-12-07 17:17:29,OLEDDisplayTask
2024-12-07 17:17:30,OLEDDisplayTask
2024-12-07 17:17:30,OLEDDisplayTask
2024-12-07 17:17:30,OLEDDisplayTask
2024-12-07 17:17:30,OLEDDisplayTask
2024-12-07 17:17:30,OLEDDisplayTask
2024-12-07 17:17:30,ReadDHT11Task
2024-12-07 17:17:30,OLEDDisplayTask
2024-12-07 17:17:30,OLEDDisplayTask
2024-12-07 17:17:30,OLEDDisplayTask
2024-12-07 17:17:30,OLEDDisplayTask
2024-12-07 17:17:31,Temperature: 40 °C	Humidity: 42 %
2024-12-07 17:17:31,OLEDDisplayTask
2024-12-07 17:17:31,OLEDDisplayTask
2024-12-07 17:17:31,OLEDDisplayTask
2024-12-07 17:17:31,OLEDDisplayTask
2024-12-07 17:17:31,OLEDDisplayTask
2024-12-07 17:17:31,OLEDDisplayTask
2024-12-07 17:17:31,OLEDDisplayTask
2024-12-07 17:17:31,Mq2Task
2024-12-07 17:17:31,OLEDDisplayTask
2024-12-07 17:17:31,MQ-2 Gas Concentration: 16.66 PPM
2024-12-07 17:17:31,OLEDDisplayTask
2024-12-07 17:17:32,OLEDDisplayTask
2024-12-07 17:17:32,OLEDDisplayTask
2024-12-07 17:17:32,OLEDDisplayTask
2024-12-07 17:17:32,OLEDDisplayTask
2024-12-07 17:17:32,OLEDDisplayTask
2024-12-07 17:17:32,OLEDDisplayTask
2024-12-07 17:17:32,OLEDDisplayTask
2024-12-07 17:17:32,OLEDDisplayTask
2024-12-07 17:17:32,OLEDDisplayTask
2024-12-07 17:17:33,ReadDHT11Task
2024-12-07 17:17:33,OLEDDisplayTask
2024-12-07 17:17:33,OLEDDisplayTask
2024-12-07 17:17:33,OLEDDisplayTask
2024-12-07 17:17:33,OLEDDisplayTask
2024-12-07 17:17:33,OLEDDisplayTask
2024-12-07 17:17:33,Error 253 Reading from DHT11 timed out.
2024-12-07 17:17:33,OLEDDisplayTask
2024-12-07 17:17:33,OLEDDisplayTask
2024-12-07 17:17:33,Mq2TaskOLEDDisplayTask
2024-12-07 17:17:33,MQ-2 Gas Concentration: 17.70 PPM
2024-12-07 17:17:33,OLEDDisplayTask
2024-12-07 17:17:34,OLEDDisplayTask
2024-12-07 17:17:34,OLEDDisplayTask
2024-12-07 17:17:34,OLEDDisplayTask
2024-12-07 17:17:34,OLEDDisplayTask
2024-12-07 17:17:34,OLEDDisplayTask
2024-12-07 17:17:34,OLEDDisplayTask
2024-12-07 17:17:34,OLEDDisplayTask
2024-12-07 17:17:34,OLEDDisplayTask
2024-12-07 17:17:34,OLEDDisplayTask
2024-12-07 17:17:35,OLEDDisplayTask
2024-12-07 17:17:35,OLEDDisplayTask
2024-12-07 17:17:35,OLEDDisplayTask
2024-12-07 17:17:35,OLEDDisplayTask
2024-12-07 17:17:35,ReadDHT11Task
2024-12-07 17:17:35,OLEDDisplayTask
2024-12-07 17:17:35,OLEDDisplayTask
2024-12-07 17:17:35,OLEDDisplayTask
2024-12-07 17:17:35,OLEDDisplayTask
2024-12-07 17:17:35,Mq2Task
2024-12-07 17:17:35,MQ-2 Gas Concentration: 18.13 PPM
2024-12-07 17:17:36,OLEDDisplayTask
2024-12-07 17:17:36,Temperature: 40 °C	Humidity: 42 %
2024-12-07 17:17:36,OLEDDisplayTask
2024-12-07 17:17:36,OLEDDisplayTask
2024-12-07 17:17:36,OLEDDisplayTask
2024-12-07 17:17:36,OLEDDisplayTask
2024-12-07 17:17:36,OLEDDisplayTask
2024-12-07 17:17:36,OLEDDisplayTask
2024-12-07 17:17:36,OLEDDisplayTask
2024-12-07 17:17:36,OLEDDisplayTask
2024-12-07 17:17:37,OLEDDisplayTask
2024-12-07 17:17:37,OLEDDisplayTask
2024-12-07 17:17:37,OLEDDisplayTask
2024-12-07 17:17:37,OLEDDisplayTask
2024-12-07 17:17:37,OLEDDisplayTask
2024-12-07 17:17:37,OLEDDisplayTask
2024-12-07 17:17:37,OLEDDisplayTask
2024-12-07 17:17:37,OLEDDisplayTask
2024-12-07 17:17:37,OLEDDisplayTask
2024-12-07 17:17:37,Mq2Task
2024-12-07 17:17:37,MQ-2 Gas Concentration: 17.95 PPM
2024-12-07 17:17:38,OLEDDisplayTask
2024-12-07 17:17:38,ReadDHT11Task
2024-12-07 17:17:38,OLEDDisplayTask
2024-12-07 17:17:38,OLEDDisplayTask
2024-12-07 17:17:38,OLEDDisplayTask
2024-12-07 17:17:38,OLEDDisplayTask
2024-12-07 17:17:38,Temperature: 40 °C	Humidity: 42 %
2024-12-07 17:17:38,OLEDDisplayTask
2024-12-07 17:17:38,OLEDDisplayTask
2024-12-07 17:17:38,OLEDDisplayTask
2024-12-07 17:17:38,OLEDDisplayTask
2024-12-07 17:17:39,OLEDDisplayTask
2024-12-07 17:17:39,OLEDDisplayTask
2024-12-07 17:17:39,OLEDDisplayTask
2024-12-07 17:17:39,OLEDDisplayTask
2024-12-07 17:17:39,OLEDDisplayTask
2024-12-07 17:17:39,OLEDDisplayTask
2024-12-07 17:17:39,OLEDDisplayTask
2024-12-07 17:17:39,OLEDDisplayTask
2024-12-07 17:17:39,OLEDDisplayTask
2024-12-07 17:17:39,Mq2Task
2024-12-07 17:17:40,MQ-2 Gas Concentration: 17.95 PPM
2024-12-07 17:17:40,OLEDDisplayTask
2024-12-07 17:17:40,OLEDDisplayTask
2024-12-07 17:17:40,OLEDDisplayTask
2024-12-07 17:17:40,OLEDDisplayTask
2024-12-07 17:17:40,OLEDDisplayTask
2024-12-07 17:17:40,ReadDHT11Task
2024-12-07 17:17:40,OLEDDisplayTask
2024-12-07 17:17:40,OLEDDisplayTask
2024-12-07 17:17:40,OLEDDisplayTask
2024-12-07 17:17:40,OLEDDisplayTask
2024-12-07 17:17:41,OLEDDisplayTask
2024-12-07 17:17:41,Temperature: 40 °C	Humidity: 42 %
2024-12-07 17:17:41,OLEDDisplayTask
2024-12-07 17:17:41,OLEDDisplayTask
2024-12-07 17:17:41,OLEDDisplayTask
2024-12-07 17:17:41,OLEDDisplayTask
2024-12-07 17:17:41,OLEDDisplayTask
2024-12-07 17:17:41,OLEDDisplayTask
2024-12-07 17:17:41,OLEDDisplayTask
2024-12-07 17:17:42,OLEDDisplayTask
2024-12-07 17:17:42,Mq2Task
2024-12-07 17:17:42,MQ-2 Gas Concentration: 17.51 PPM
2024-12-07 17:17:42,OLEDDisplayTask
2024-12-07 17:17:42,OLEDDisplayTask
2024-12-07 17:17:42,OLEDDisplayTask
2024-12-07 17:17:42,OLEDDisplayTask
2024-12-07 17:17:42,OLEDDisplayTask
2024-12-07 17:17:42,OLEDDisplayTask
2024-12-07 17:17:42,OLEDDisplayTask
2024-12-07 17:17:42,OLEDDisplayTask
2024-12-07 17:17:43,OLEDDisplayTask
2024-12-07 17:17:43,ReadDHT11Task
2024-12-07 17:17:43,OLEDDisplayTask
2024-12-07 17:17:43,OLEDDisplayTask
2024-12-07 17:17:43,OLEDDisplayTask
2024-12-07 17:17:43,OLEDDisplayTask
2024-12-07 17:17:43,OLEDDisplayTask
2024-12-07 17:17:43,Temperature: 40 °C	Humidity: 42 %
2024-12-07 17:17:43,OLEDDisplayTask
2024-12-07 17:17:43,OLEDDisplayTask
2024-12-07 17:17:43,OLEDDisplayTask
2024-12-07 17:17:44,OLEDDisplayTask
2024-12-07 17:17:44,Mq2Task
2024-12-07 17:17:44,MQ-2 Gas Concentration: 17.95 PPM
2024-12-07 17:17:44,OLEDDisplayTask
2024-12-07 17:17:44,OLEDDisplayTask
2024-12-07 17:17:44,OLEDDisplayTask
2024-12-07 17:17:44,OLEDDisplayTask
2024-12-07 17:17:44,OLEDDisplayTask
2024-12-07 17:17:44,OLEDDisplayTask
2024-12-07 17:17:44,OLEDDisplayTask
2024-12-07 17:17:44,OLEDDisplayTask
2024-12-07 17:17:45,OLEDDisplayTask
2024-12-07 17:17:45,OLEDDisplayTask
2024-12-07 17:17:45,OLEDDisplayTask
2024-12-07 17:17:45,OLEDDisplayTask
2024-12-07 17:17:45,OLEDDisplayTask
2024-12-07 17:17:45,OLEDDisplayTask
2024-12-07 17:17:45,ReadDHT11Task
2024-12-07 17:17:45,OLEDDisplayTask
2024-12-07 17:17:45,OLEDDisplayTask
2024-12-07 17:17:45,OLEDDisplayTask
2024-12-07 17:17:46,OLEDDisplayTask
2024-12-07 17:17:46,Mq2Task
2024-12-07 17:17:46,Temperature: 40 °C	Humidity: 42 %
2024-12-07 17:17:46,MQ-2 Gas Concentration: 10.61 PPM
2024-12-07 17:17:46,OLEDDisplayTask
2024-12-07 17:17:46,OLEDDisplayTask
2024-12-07 17:17:46,OLEDDisplayTask
2024-12-07 17:17:46,OLEDDisplayTask
2024-12-07 17:17:46,OLEDDisplayTask
2024-12-07 17:17:46,OLEDDisplayTask
2024-12-07 17:17:46,OLEDDisplayTask
2024-12-07 17:17:46,OLEDDisplayTask
2024-12-07 17:17:47,OLEDDisplayTask
2024-12-07 17:17:47,OLEDDisplayTask
2024-12-07 17:17:47,OLEDDisplayTask
2024-12-07 17:17:47,OLEDDisplayTask
2024-12-07 17:17:47,OLEDDisplayTask
2024-12-07 17:17:47,OLEDDisplayTask
2024-12-07 17:17:47,OLEDDisplayTask
2024-12-07 17:17:47,OLEDDisplayTask
2024-12-07 17:17:47,OLEDDisplayTask
2024-12-07 17:17:48,OLEDDisplayTask
2024-12-07 17:17:48,ReadDHT11Task
2024-12-07 17:17:48,Mq2Task
2024-12-07 17:17:48,MQ-2 Gas Concentration: 16.84 PPM
2024-12-07 17:17:48,OLEDDisplayTask
2024-12-07 17:17:48,OLEDDisplayTask
2024-12-07 17:17:48,OLEDDisplayTask
2024-12-07 17:17:48,OLEDDisplayTask
2024-12-07 17:17:48,Temperature: 40 °C	Humidity: 42 %
2024-12-07 17:17:48,OLEDDisplayTask
2024-12-07 17:17:48,OLEDDisplayTask
2024-12-07 17:17:48,OLEDDisplayTask
2024-12-07 17:17:49,OLEDDisplayTask
2024-12-07 17:17:49,OLEDDisplayTask
2024-12-07 17:17:49,OLEDDisplayTask
2024-12-07 17:17:49,OLEDDisplayTask
2024-12-07 17:17:49,OLEDDisplayTask
2024-12-07 17:17:49,OLEDDisplayTask
2024-12-07 17:17:49,OLEDDisplayTask
2024-12-07 17:17:49,OLEDDisplayTask
2024-12-07 17:17:49,OLEDDisplayTask
2024-12-07 17:17:50,OLEDDisplayTask
2024-12-07 17:17:50,OLEDDisplayTask
2024-12-07 17:17:50,Mq2Task
2024-12-07 17:17:50,MQ-2 Gas Concentration: 16.96 PPM
2024-12-07 17:17:50,OLEDDisplayTask
2024-12-07 17:17:50,OLEDDisplayTask
2024-12-07 17:17:50,OLEDDisplayTask
2024-12-07 17:17:50,OLEDDisplayTask
2024-12-07 17:17:50,ReadDHT11Task
2024-12-07 17:17:50,OLEDDisplayTask
2024-12-07 17:17:50,OLEDDisplayTask
2024-12-07 17:17:50,OLEDDisplayTask
2024-12-07 17:17:51,OLEDDisplayTask
2024-12-07 17:17:51,OLEDDisplayTask
2024-12-07 17:17:51,Temperature: 40 °C	Humidity: 42 %
2024-12-07 17:17:51,OLEDDisplayTask
2024-12-07 17:17:51,OLEDDisplayTask
2024-12-07 17:17:51,OLEDDisplayTask
2024-12-07 17:17:51,OLEDDisplayTask
2024-12-07 17:17:51,OLEDDisplayTask
2024-12-07 17:17:51,OLEDDisplayTask
2024-12-07 17:17:51,OLEDDisplayTask
2024-12-07 17:17:52,OLEDDisplayTask
2024-12-07 17:17:52,OLEDDisplayTask
2024-12-07 17:17:52,Mq2Task
2024-12-07 17:17:52,MQ-2 Gas Concentration: 15.43 PPM
2024-12-07 17:17:52,OLEDDisplayTask
2024-12-07 17:17:52,OLEDDisplayTask
2024-12-07 17:17:52,OLEDDisplayTask
2024-12-07 17:17:52,OLEDDisplayTask
2024-12-07 17:17:52,OLEDDisplayTask
2024-12-07 17:17:52,OLEDDisplayTask
2024-12-07 17:17:52,OLEDDisplayTask
2024-12-07 17:17:53,OLEDDisplayTask
2024-12-07 17:17:53,ReadDHT11Task
2024-12-07 17:17:53,OLEDDisplayTask
2024-12-07 17:17:53,OLEDDisplayTask
2024-12-07 17:17:53,OLEDDisplayTask
2024-12-07 17:17:53,OLEDDisplayTask
2024-12-07 17:17:53,OLEDDisplayTask
2024-12-07 17:17:53,Temperature: 40 °C	Humidity: 42 %
2024-12-07 17:17:53,OLEDDisplayTask
2024-12-07 17:17:53,OLEDDisplayTask
2024-12-07 17:17:53,OLEDDisplayTask
2024-12-07 17:17:54,OLEDDisplayTask
2024-12-07 17:17:54,OLEDDisplayTask
2024-12-07 17:17:54,Mq2Task
2024-12-07 17:17:54,MQ-2 Gas Concentration: 16.72 PPM
2024-12-07 17:17:54,OLEDDisplayTask
2024-12-07 17:17:54,OLEDDisplayTask
2024-12-07 17:17:54,OLEDDisplayTask
2024-12-07 17:17:54,OLEDDisplayTask
2024-12-07 17:17:54,OLEDDisplayTask
2024-12-07 17:17:54,OLEDDisplayTask
2024-12-07 17:17:54,OLEDDisplayTask
2024-12-07 17:17:55,OLEDDisplayTask
2024-12-07 17:17:55,OLEDDisplayTask
2024-12-07 17:17:55,OLEDDisplayTask
2024-12-07 17:17:55,OLEDDisplayTask
2024-12-07 17:17:55,OLEDDisplayTask
2024-12-07 17:17:55,OLEDDisplayTask
2024-12-07 17:17:55,ReadDHT11Task
2024-12-07 17:17:55,OLEDDisplayTask
2024-12-07 17:17:55,OLEDDisplayTask
2024-12-07 17:17:56,OLEDDisplayTask
2024-12-07 17:17:56,OLEDDisplayTask
2024-12-07 17:17:56,Temperature: 40 °C	Humidity: 42 %
2024-12-07 17:17:56,OLEDDisplayTask
2024-12-07 17:17:56,Mq2Task
2024-12-07 17:17:56,OLEDDisplayTask
2024-12-07 17:17:56,MQ-2 Gas Concentration: 16.84 PPM
2024-12-07 17:17:56,OLEDDisplayTask
2024-12-07 17:17:56,OLEDDisplayTask
2024-12-07 17:17:56,OLEDDisplayTask
2024-12-07 17:17:56,OLEDDisplayTask
2024-12-07 17:17:56,OLEDDisplayTask
2024-12-07 17:17:57,OLEDDisplayTask
2024-12-07 17:17:57,OLEDDisplayTask
2024-12-07 17:17:57,OLEDDisplayTask
2024-12-07 17:17:57,OLEDDisplayTask
2024-12-07 17:17:57,OLEDDisplayTask
2024-12-07 17:17:57,OLEDDisplayTask
2024-12-07 17:17:57,OLEDDisplayTask
2024-12-07 17:17:57,OLEDDisplayTask
2024-12-07 17:17:57,OLEDDisplayTask
2024-12-07 17:17:58,OLEDDisplayTask
2024-12-07 17:17:58,OLEDDisplayTask
2024-12-07 17:17:58,ReadDHT11Task
2024-12-07 17:17:58,OLEDDisplayTask
2024-12-07 17:17:58,Mq2Task
2024-12-07 17:17:58,OLEDDisplayTask
2024-12-07 17:17:58,MQ-2 Gas Concentration: 17.45 PPM
2024-12-07 17:17:58,OLEDDisplayTask
2024-12-07 17:17:58,OLEDDisplayTask
2024-12-07 17:17:58,OLEDDisplayTask
2024-12-07 17:17:58,Error 253 Reading from DHT11 timed out.
2024-12-07 17:17:58,OLEDDisplayTask
2024-12-07 17:17:58,OLEDDisplayTask
2024-12-07 17:17:59,OLEDDisplayTask
2024-12-07 17:17:59,OLEDDisplayTask
2024-12-07 17:17:59,OLEDDisplayTask
2024-12-07 17:17:59,OLEDDisplayTask
2024-12-07 17:17:59,OLEDDisplayTask
2024-12-07 17:17:59,OLEDDisplayTask
2024-12-07 17:17:59,OLEDDisplayTask
2024-12-07 17:17:59,OLEDDisplayTask
2024-12-07 17:17:59,OLEDDisplayTask
2024-12-07 17:18:00,OLEDDisplayTask
2024-12-07 17:18:00,OLEDDisplayTask
2024-12-07 17:18:00,OLEDDisplayTask
2024-12-07 17:18:00,Mq2Task
2024-12-07 17:18:00,OLEDDisplayTask
2024-12-07 17:18:00,MQ-2 Gas Concentration: 16.90 PPM
2024-12-07 17:18:00,OLEDDisplayTask
2024-12-07 17:18:00,OLEDDisplayTask
2024-12-07 17:18:00,ReadDHT11Task
2024-12-07 17:18:00,OLEDDisplayTask
2024-12-07 17:18:00,OLEDDisplayTask
2024-12-07 17:18:00,OLEDDisplayTask
2024-12-07 17:18:01,OLEDDisplayTask
2024-12-07 17:18:01,OLEDDisplayTask
2024-12-07 17:18:01,Temperature: 40 °C	Humidity: 43 %
2024-12-07 17:18:01,OLEDDisplayTask
2024-12-07 17:18:01,OLEDDisplayTask
2024-12-07 17:18:01,OLEDDisplayTask
2024-12-07 17:18:01,OLEDDisplayTask
2024-12-07 17:18:01,OLEDDisplayTask
2024-12-07 17:18:01,OLEDDisplayTask
2024-12-07 17:18:02,OLEDDisplayTask
2024-12-07 17:18:02,OLEDDisplayTask
2024-12-07 17:18:02,OLEDDisplayTask
2024-12-07 17:18:02,OLEDDisplayTask
2024-12-07 17:18:02,Mq2Task
2024-12-07 17:18:02,OLEDDisplayTask
2024-12-07 17:18:02,MQ-2 Gas Concentration: 17.51 PPM
2024-12-07 17:18:02,OLEDDisplayTask
2024-12-07 17:18:02,OLEDDisplayTask
2024-12-07 17:18:02,OLEDDisplayTask
2024-12-07 17:18:02,OLEDDisplayTask
2024-12-07 17:18:03,OLEDDisplayTask
2024-12-07 17:18:03,OLEDDisplayTask
2024-12-07 17:18:03,OLEDDisplayTask
2024-12-07 17:18:03,ReadDHT11Task
2024-12-07 17:18:03,OLEDDisplayTask
2024-12-07 17:18:03,OLEDDisplayTask
2024-12-07 17:18:03,OLEDDisplayTask
2024-12-07 17:18:03,OLEDDisplayTask
2024-12-07 17:18:03,Temperature: 40 °C	Humidity: 43 %
2024-12-07 17:18:03,OLEDDisplayTask
2024-12-07 17:18:03,OLEDDisplayTask
2024-12-07 17:18:04,OLEDDisplayTask
2024-12-07 17:18:04,OLEDDisplayTask
2024-12-07 17:18:04,OLEDDisplayTask
2024-12-07 17:18:04,OLEDDisplayTask
2024-12-07 17:18:04,Mq2Task
2024-12-07 17:18:04,OLEDDisplayTask
2024-12-07 17:18:04,MQ-2 Gas Concentration: 18.45 PPM
2024-12-07 17:18:04,OLEDDisplayTask
2024-12-07 17:18:04,OLEDDisplayTask
2024-12-07 17:18:04,OLEDDisplayTask
2024-12-07 17:18:04,OLEDDisplayTask
2024-12-07 17:18:05,OLEDDisplayTask
2024-12-07 17:18:05,OLEDDisplayTask
2024-12-07 17:18:05,OLEDDisplayTask
2024-12-07 17:18:05,OLEDDisplayTask
2024-12-07 17:18:05,OLEDDisplayTask
2024-12-07 17:18:05,OLEDDisplayTask
2024-12-07 17:18:05,OLEDDisplayTask
2024-12-07 17:18:05,ReadDHT11Task
2024-12-07 17:18:05,OLEDDisplayTask
2024-12-07 17:18:05,OLEDDisplayTask
2024-12-07 17:18:06,OLEDDisplayTask
2024-12-07 17:18:06,OLEDDisplayTask
2024-12-07 17:18:06,OLEDDisplayTask
2024-12-07 17:18:06,Temperature: 40 °C	Humidity: 43 %
2024-12-07 17:18:06,OLEDDisplayTask
2024-12-07 17:18:06,OLEDDisplayTask
2024-12-07 17:18:06,Mq2Task
2024-12-07 17:18:06,MQ-2 Gas Concentration: 17.39 PPM
2024-12-07 17:18:06,OLEDDisplayTask
2024-12-07 17:18:06,OLEDDisplayTask
2024-12-07 17:18:06,OLEDDisplayTask
2024-12-07 17:18:06,OLEDDisplayTask
2024-12-07 17:18:07,OLEDDisplayTask
2024-12-07 17:18:07,OLEDDisplayTask
2024-12-07 17:18:07,OLEDDisplayTask
2024-12-07 17:18:07,OLEDDisplayTask
2024-12-07 17:18:07,OLEDDisplayTask
2024-12-07 17:18:07,OLEDDisplayTask
2024-12-07 17:18:07,OLEDDisplayTask
2024-12-07 17:18:07,OLEDDisplayTask
2024-12-07 17:18:07,OLEDDisplayTask
2024-12-07 17:18:08,OLEDDisplayTask
2024-12-07 17:18:08,OLEDDisplayTask
2024-12-07 17:18:08,ReadDHT11Task
2024-12-07 17:18:08,OLEDDisplayTask
2024-12-07 17:18:08,OLEDDisplayTask
2024-12-07 17:18:08,OLEDDisplayTask
2024-12-07 17:18:08,Mq2Task
2024-12-07 17:18:08,MQ-2 Gas Concentration: 17.39 PPM
2024-12-07 17:18:08,OLEDDisplayTask
2024-12-07 17:18:08,OLEDDisplayTask
2024-12-07 17:18:08,Temperature: 40 °C	Humidity: 43 %
2024-12-07 17:18:08,OLEDDisplayTask
2024-12-07 17:18:09,OLEDDisplayTask
2024-12-07 17:18:09,OLEDDisplayTask
2024-12-07 17:18:09,OLEDDisplayTask
2024-12-07 17:18:09,OLEDDisplayTask
2024-12-07 17:18:09,OLEDDisplayTask
2024-12-07 17:18:09,OLEDDisplayTask
2024-12-07 17:18:09,OLEDDisplayTask
2024-12-07 17:18:09,OLEDDisplayTask
2024-12-07 17:18:09,OLEDDisplayTask
2024-12-07 17:18:10,OLEDDisplayTask
2024-12-07 17:18:10,OLEDDisplayTask
2024-12-07 17:18:10,OLEDDisplayTask
2024-12-07 17:18:10,OLEDDisplayTask
2024-12-07 17:18:10,OLEDDisplayTask
2024-12-07 17:18:10,OLEDDisplayTask
2024-12-07 17:18:10,Mq2Task
2024-12-07 17:18:10,MQ-2 Gas Concentration: OLEDDisplayTask
2024-12-07 17:18:10,16.07 PPM
2024-12-07 17:18:10,OLEDDisplayTask
2024-12-07 17:18:10,ReadDHT11Task
2024-12-07 17:18:10,OLEDDisplayTask
2024-12-07 17:18:11,OLEDDisplayTask
2024-12-07 17:18:11,OLEDDisplayTask
2024-12-07 17:18:11,OLEDDisplayTask
2024-12-07 17:18:11,Temperature: 40 °C	Humidity: 43 %
2024-12-07 17:18:11,OLEDDisplayTask
2024-12-07 17:18:11,OLEDDisplayTask
2024-12-07 17:18:11,OLEDDisplayTask
2024-12-07 17:18:11,OLEDDisplayTask
2024-12-07 17:18:11,OLEDDisplayTask
2024-12-07 17:18:11,OLEDDisplayTask
2024-12-07 17:18:12,OLEDDisplayTask
2024-12-07 17:18:12,OLEDDisplayTask
2024-12-07 17:18:12,OLEDDisplayTask
2024-12-07 17:18:12,OLEDDisplayTask
2024-12-07 17:18:12,OLEDDisplayTask
2024-12-07 17:18:12,OLEDDisplayTask
2024-12-07 17:18:12,Mq2Task
2024-12-07 17:18:12,OLEDDisplayTask
2024-12-07 17:18:12,MQ-2 Gas Concentration: 17.51 PPM
2024-12-07 17:18:12,OLEDDisplayTask
2024-12-07 17:18:12,OLEDDisplayTask
2024-12-07 17:18:13,OLEDDisplayTask
2024-12-07 17:18:13,OLEDDisplayTask
2024-12-07 17:18:13,OLEDDisplayTask
2024-12-07 17:18:13,ReadDHT11Task
2024-12-07 17:18:13,OLEDDisplayTask
2024-12-07 17:18:13,OLEDDisplayTask
2024-12-07 17:18:13,OLEDDisplayTask
2024-12-07 17:18:13,OLEDDisplayTask
2024-12-07 17:18:13,OLEDDisplayTask
2024-12-07 17:18:13,Temperature: 40 °C	Humidity: 43 %
2024-12-07 17:18:13,OLEDDisplayTask
2024-12-07 17:18:14,OLEDDisplayTask
2024-12-07 17:18:14,OLEDDisplayTask
2024-12-07 17:18:14,OLEDDisplayTask
2024-12-07 17:18:14,OLEDDisplayTask
2024-12-07 17:18:14,OLEDDisplayTask
2024-12-07 17:18:14,OLEDDisplayTask
2024-12-07 17:18:14,Mq2Task
2024-12-07 17:18:14,OLEDDisplayTask
2024-12-07 17:18:14,MQ-2 Gas Concentration: 16.78 PPM
2024-12-07 17:18:14,OLEDDisplayTask
2024-12-07 17:18:14,OLEDDisplayTask
2024-12-07 17:18:15,OLEDDisplayTask
2024-12-07 17:18:15,OLEDDisplayTask
2024-12-07 17:18:15,OLEDDisplayTask
2024-12-07 17:18:15,OLEDDisplayTask
2024-12-07 17:18:15,OLEDDisplayTask
2024-12-07 17:18:15,OLEDDisplayTask
2024-12-07 17:18:15,OLEDDisplayTask
2024-12-07 17:18:15,ReadDHT11Task
2024-12-07 17:18:15,OLEDDisplayTask
2024-12-07 17:18:16,OLEDDisplayTask
2024-12-07 17:18:16,OLEDDisplayTask
2024-12-07 17:18:16,OLEDDisplayTask
2024-12-07 17:18:16,OLEDDisplayTask
2024-12-07 17:18:16,Temperature: 40 °C	Humidity: 43 %
2024-12-07 17:18:16,OLEDDisplayTask
2024-12-07 17:18:16,OLEDDisplayTask
2024-12-07 17:18:16,OLEDDisplayTask
2024-12-07 17:18:16,Mq2Task
2024-12-07 17:18:16,OLEDDisplayTask
2024-12-07 17:18:16,MQ-2 Gas Concentration: 15.95 PPM
2024-12-07 17:18:16,OLEDDisplayTask
2024-12-07 17:18:17,OLEDDisplayTask
2024-12-07 17:18:17,OLEDDisplayTask
2024-12-07 17:18:17,OLEDDisplayTask
2024-12-07 17:18:17,OLEDDisplayTask
2024-12-07 17:18:17,OLEDDisplayTask
2024-12-07 17:18:17,OLEDDisplayTask
2024-12-07 17:18:17,OLEDDisplayTask
2024-12-07 17:18:17,OLEDDisplayTask
2024-12-07 17:18:17,OLEDDisplayTask
2024-12-07 17:18:18,OLEDDisplayTask
2024-12-07 17:18:18,OLEDDisplayTask
2024-12-07 17:18:18,OLEDDisplayTask
2024-12-07 17:18:18,OLEDDisplayTask
2024-12-07 17:18:18,ReadDHT11Task
2024-12-07 17:18:18,OLEDDisplayTask
2024-12-07 17:18:18,OLEDDisplayTask
2024-12-07 17:18:18,OLEDDisplayTask
2024-12-07 17:18:18,Mq2Task
2024-12-07 17:18:18,OLEDDisplayTask
2024-12-07 17:18:18,MQ-2 Gas Concentration: 15.20 PPM
2024-12-07 17:18:18,Temperature: 40 °C	Humidity: 43 %
2024-12-07 17:18:18,OLEDDisplayTask
2024-12-07 17:18:19,OLEDDisplayTask
2024-12-07 17:18:19,OLEDDisplayTask
2024-12-07 17:18:19,OLEDDisplayTask
2024-12-07 17:18:19,OLEDDisplayTask
2024-12-07 17:18:19,OLEDDisplayTask
2024-12-07 17:18:19,OLEDDisplayTask
2024-12-07 17:18:19,OLEDDisplayTask
2024-12-07 17:18:19,OLEDDisplayTask
2024-12-07 17:18:19,OLEDDisplayTask
2024-12-07 17:18:20,OLEDDisplayTask
2024-12-07 17:18:20,OLEDDisplayTask
2024-12-07 17:18:20,OLEDDisplayTask
2024-12-07 17:18:20,OLEDDisplayTask
2024-12-07 17:18:20,OLEDDisplayTask
2024-12-07 17:18:20,OLEDDisplayTask
2024-12-07 17:18:20,OLEDDisplayTask
2024-12-07 17:18:20,Mq2Task
2024-12-07 17:18:20,OLEDDisplayTask
2024-12-07 17:18:20,MQ-2 Gas Concentration: 17.88 PPM
2024-12-07 17:18:20,ReadDHT11Task
2024-12-07 17:18:20,OLEDDisplayTask
2024-12-07 17:18:21,OLEDDisplayTask
2024-12-07 17:18:21,OLEDDisplayTask
2024-12-07 17:18:21,OLEDDisplayTask
2024-12-07 17:18:21,OLEDDisplayTask
2024-12-07 17:18:21,Temperature: 40 °C	Humidity: 43 %
2024-12-07 17:18:21,OLEDDisplayTask
2024-12-07 17:18:21,OLEDDisplayTask
2024-12-07 17:18:21,OLEDDisplayTask
2024-12-07 17:18:21,OLEDDisplayTask
2024-12-07 17:18:22,OLEDDisplayTask
2024-12-07 17:18:22,OLEDDisplayTask
2024-12-07 17:18:22,OLEDDisplayTask
2024-12-07 17:18:22,OLEDDisplayTask
2024-12-07 17:18:22,OLEDDisplayTask
2024-12-07 17:18:22,OLEDDisplayTask
2024-12-07 17:18:22,OLEDDisplayTask
2024-12-07 17:18:22,OLEDDisplayTask
2024-12-07 17:18:22,OLEDDisplayTask
2024-12-07 17:18:22,Mq2Task
2024-12-07 17:18:22,MQ-2 Gas Concentration: 15.54 PPM
2024-12-07 17:18:23,OLEDDisplayTask
2024-12-07 17:18:23,OLEDDisplayTask
2024-12-07 17:18:23,OLEDDisplayTask
2024-12-07 17:18:23,OLEDDisplayTask
2024-12-07 17:18:23,ReadDHT11Task
2024-12-07 17:18:23,OLEDDisplayTask
2024-12-07 17:18:23,OLEDDisplayTask
2024-12-07 17:18:23,OLEDDisplayTask
2024-12-07 17:18:23,OLEDDisplayTask
2024-12-07 17:18:23,OLEDDisplayTask
2024-12-07 17:18:23,Temperature: 40 °C	Humidity: 43 %
2024-12-07 17:18:24,OLEDDisplayTask
2024-12-07 17:18:24,OLEDDisplayTask
2024-12-07 17:18:24,OLEDDisplayTask
2024-12-07 17:18:24,OLEDDisplayTask
2024-12-07 17:18:24,OLEDDisplayTask
2024-12-07 17:18:24,OLEDDisplayTask
2024-12-07 17:18:24,OLEDDisplayTask
2024-12-07 17:18:24,OLEDDisplayTask
2024-12-07 17:18:24,OLEDDisplayTask
2024-12-07 17:18:24,Mq2Task
2024-12-07 17:18:24,MQ-2 Gas Concentration: 17.95 PPM
2024-12-07 17:18:25,OLEDDisplayTask
2024-12-07 17:18:25,OLEDDisplayTask
2024-12-07 17:18:25,OLEDDisplayTask
2024-12-07 17:18:25,OLEDDisplayTask
2024-12-07 17:18:25,OLEDDisplayTask
2024-12-07 17:18:25,OLEDDisplayTask
2024-12-07 17:18:25,OLEDDisplayTask
2024-12-07 17:18:25,OLEDDisplayTask
2024-12-07 17:18:25,OLEDDisplayTask
2024-12-07 17:18:25,ReadDHT11Task
2024-12-07 17:18:26,OLEDDisplayTask
2024-12-07 17:18:26,OLEDDisplayTask
2024-12-07 17:18:26,OLEDDisplayTask
2024-12-07 17:18:26,OLEDDisplayTask
2024-12-07 17:18:26,Temperature: 40 °C	Humidity: 43 %
2024-12-07 17:18:26,OLEDDisplayTask
2024-12-07 17:18:26,OLEDDisplayTask
2024-12-07 17:18:26,OLEDDisplayTask
2024-12-07 17:18:26,OLEDDisplayTask
2024-12-07 17:18:26,OLEDDisplayTask
2024-12-07 17:18:26,Mq2Task
2024-12-07 17:18:27,MQ-2 Gas Concentration: 17.82 PPM
2024-12-07 17:18:27,OLEDDisplayTask
2024-12-07 17:18:27,OLEDDisplayTask
2024-12-07 17:18:27,OLEDDisplayTask
2024-12-07 17:18:27,OLEDDisplayTask
2024-12-07 17:18:27,OLEDDisplayTask
2024-12-07 17:18:27,OLEDDisplayTask
2024-12-07 17:18:27,OLEDDisplayTask
2024-12-07 17:18:27,OLEDDisplayTask
2024-12-07 17:18:27,OLEDDisplayTask
2024-12-07 17:18:28,OLEDDisplayTask
2024-12-07 17:18:28,OLEDDisplayTask
2024-12-07 17:18:28,OLEDDisplayTask
2024-12-07 17:18:28,OLEDDisplayTask
2024-12-07 17:18:28,ReadDHT11Task
2024-12-07 17:18:28,OLEDDisplayTask
2024-12-07 17:18:28,OLEDDisplayTask
2024-12-07 17:18:28,OLEDDisplayTask
2024-12-07 17:18:28,OLEDDisplayTask
2024-12-07 17:18:29,OLEDDisplayTask
2024-12-07 17:18:29,Temperature: 40 °C	Humidity: 43 %
2024-12-07 17:18:29,Mq2Task
2024-12-07 17:18:29,MQ-2 Gas Concentration: 17.14 PPM
2024-12-07 17:18:29,OLEDDisplayTask
2024-12-07 17:18:29,OLEDDisplayTask
2024-12-07 17:18:29,OLEDDisplayTask
2024-12-07 17:18:29,OLEDDisplayTask
2024-12-07 17:18:29,OLEDDisplayTask
2024-12-07 17:18:29,OLEDDisplayTask
2024-12-07 17:18:29,OLEDDisplayTask
2024-12-07 17:18:29,OLEDDisplayTask
2024-12-07 17:18:30,OLEDDisplayTask
2024-12-07 17:18:30,OLEDDisplayTask
2024-12-07 17:18:30,OLEDDisplayTask
2024-12-07 17:18:30,OLEDDisplayTask
2024-12-07 17:18:30,OLEDDisplayTask
2024-12-07 17:18:30,OLEDDisplayTask
2024-12-07 17:18:30,OLEDDisplayTask
2024-12-07 17:18:30,OLEDDisplayTask
2024-12-07 17:18:30,OLEDDisplayTask
2024-12-07 17:18:31,ReadDHT11Task
2024-12-07 17:18:31,OLEDDisplayTask
2024-12-07 17:18:31,Mq2Task
2024-12-07 17:18:31,MQ-2 Gas Concentration: 18.71 PPM
2024-12-07 17:18:31,OLEDDisplayTask
2024-12-07 17:18:31,OLEDDisplayTask
2024-12-07 17:18:31,OLEDDisplayTask
2024-12-07 17:18:31,OLEDDisplayTask
2024-12-07 17:18:31,Temperature: 40 °C	Humidity: 43 %
2024-12-07 17:18:31,OLEDDisplayTask
2024-12-07 17:18:31,OLEDDisplayTask
2024-12-07 17:18:31,OLEDDisplayTask
2024-12-07 17:18:31,OLEDDisplayTask
2024-12-07 17:18:32,OLEDDisplayTask
2024-12-07 17:18:32,OLEDDisplayTask
2024-12-07 17:18:32,OLEDDisplayTask
2024-12-07 17:18:32,OLEDDisplayTask
2024-12-07 17:18:32,OLEDDisplayTask
2024-12-07 17:18:32,OLEDDisplayTask
2024-12-07 17:18:32,OLEDDisplayTask
2024-12-07 17:18:32,OLEDDisplayTask
2024-12-07 17:18:32,OLEDDisplayTask
2024-12-07 17:18:33,OLEDDisplayTask
2024-12-07 17:18:33,Mq2Task
2024-12-07 17:18:33,MQ-2 Gas Concentration: 19.56 PPM
2024-12-07 17:18:33,OLEDDisplayTask
2024-12-07 17:18:33,OLEDDisplayTask
2024-12-07 17:18:33,OLEDDisplayTask
2024-12-07 17:18:33,OLEDDisplayTask
2024-12-07 17:18:33,ReadDHT11Task
2024-12-07 17:18:33,OLEDDisplayTask
2024-12-07 17:18:33,OLEDDisplayTask
2024-12-07 17:18:33,OLEDDisplayTask
2024-12-07 17:18:33,OLEDDisplayTask
2024-12-07 17:18:34,OLEDDisplayTask
2024-12-07 17:18:34,OLEDDisplayTask
2024-12-07 17:18:34,OLEDDisplayTask
2024-12-07 17:18:34,OLEDDisplayTask
2024-12-07 17:18:34,OLEDDisplayTask
2024-12-07 17:18:34,OLEDDisplayTask
2024-12-07 17:18:34,OLEDDisplayTask
2024-12-07 17:18:34,OLEDDisplayTask
2024-12-07 17:18:35,OLEDDisplayTask
2024-12-07 17:18:35,OLEDDisplayTask
2024-12-07 17:18:35,Mq2Task
2024-12-07 17:18:35,MQ-2 Gas Concentration: 15.54 PPM
2024-12-07 17:18:35,OLEDDisplayTask
2024-12-07 17:18:35,OLEDDisplayTask
2024-12-07 17:18:35,OLEDDisplayTask
2024-12-07 17:18:35,OLEDDisplayTask
2024-12-07 17:18:35,OLEDDisplayTask
2024-12-07 17:18:35,OLEDDisplayTask
2024-12-07 17:18:35,OLEDDisplayTask
2024-12-07 17:18:36,OLEDDisplayTask
2024-12-07 17:18:36,OLEDDisplayTask
2024-12-07 17:18:36,OLEDDisplayTask
2024-12-07 17:18:36,OLEDDisplayTask
2024-12-07 17:18:36,OLEDDisplayTask
2024-12-07 17:18:36,OLEDDisplayTask
2024-12-07 17:18:36,OLEDDisplayTask
2024-12-07 17:18:36,OLEDDisplayTask
2024-12-07 17:18:37,OLEDDisplayTask
2024-12-07 17:18:37,OLEDDisplayTask
2024-12-07 17:18:37,Mq2Task
2024-12-07 17:18:37,MQ-2 Gas Concentration: 16.78 PPM
2024-12-07 17:18:37,OLEDDisplayTask
2024-12-07 17:18:37,OLEDDisplayTask
2024-12-07 17:18:37,OLEDDisplayTask
2024-12-07 17:18:37,OLEDDisplayTask
2024-12-07 17:18:37,OLEDDisplayTask
2024-12-07 17:18:37,OLEDDisplayTask
2024-12-07 17:18:37,OLEDDisplayTask
2024-12-07 17:18:38,OLEDDisplayTask
2024-12-07 17:18:38,OLEDDisplayTask
2024-12-07 17:18:38,OLEDDisplayTask
2024-12-07 17:18:38,OLEDDisplayTask
2024-12-07 17:18:38,OLEDDisplayTask
2024-12-07 17:18:38,OLEDDisplayTask
2024-12-07 17:18:38,OLEDDisplayTask
2024-12-07 17:18:38,OLEDDisplayTask
2024-12-07 17:18:39,OLEDDisplayTask
2024-12-07 17:18:39,OLEDDisplayTask
2024-12-07 17:18:39,Mq2Task
2024-12-07 17:18:39,OLEDDisplayTask
2024-12-07 17:18:39,MQ-2 Gas Concentration: 17.20 PPM
2024-12-07 17:18:39,OLEDDisplayTask
2024-12-07 17:18:39,OLEDDisplayTask
2024-12-07 17:18:39,OLEDDisplayTask
2024-12-07 17:18:39,OLEDDisplayTask
2024-12-07 17:18:39,OLEDDisplayTask
2024-12-07 17:18:39,OLEDDisplayTask
2024-12-07 17:18:40,OLEDDisplayTask
2024-12-07 17:18:40,OLEDDisplayTask
2024-12-07 17:18:40,OLEDDisplayTask
2024-12-07 17:18:40,OLEDDisplayTask
2024-12-07 17:18:40,OLEDDisplayTask
2024-12-07 17:18:40,OLEDDisplayTask
2024-12-07 17:18:40,OLEDDisplayTask
2024-12-07 17:18:40,OLEDDisplayTask
2024-12-07 17:18:40,OLEDDisplayTask
2024-12-07 17:18:41,OLEDDisplayTask
2024-12-07 17:18:41,OLEDDisplayTask
2024-12-07 17:18:41,Mq2Task
2024-12-07 17:18:41,MQ-2 Gas Concentration: 16.72 PPM
2024-12-07 17:18:41,OLEDDisplayTask
2024-12-07 17:18:41,OLEDDisplayTask
2024-12-07 17:18:41,OLEDDisplayTask
2024-12-07 17:18:41,OLEDDisplayTask
2024-12-07 17:18:41,OLEDDisplayTask
2024-12-07 17:18:41,OLEDDisplayTask
2024-12-07 17:18:42,OLEDDisplayTask
2024-12-07 17:18:42,OLEDDisplayTask
2024-12-07 17:18:42,OLEDDisplayTask
2024-12-07 17:18:42,OLEDDisplayTask
2024-12-07 17:18:42,OLEDDisplayTask
2024-12-07 17:18:42,OLEDDisplayTask
2024-12-07 17:18:42,OLEDDisplayTask
2024-12-07 17:18:42,OLEDDisplayTask
2024-12-07 17:18:42,OLEDDisplayTask
2024-12-07 17:18:43,OLEDDisplayTask
2024-12-07 17:18:43,OLEDDisplayTask
2024-12-07 17:18:43,Mq2Task
2024-12-07 17:18:43,OLEDDisplayTask
2024-12-07 17:18:43,MQ-2 Gas Concentration: 16.84 PPM
2024-12-07 17:18:43,OLEDDisplayTask
2024-12-07 17:18:43,OLEDDisplayTask
2024-12-07 17:18:43,OLEDDisplayTask
2024-12-07 17:18:43,OLEDDisplayTask
2024-12-07 17:18:43,OLEDDisplayTask
2024-12-07 17:18:44,OLEDDisplayTask
2024-12-07 17:18:44,OLEDDisplayTask
2024-12-07 17:18:44,OLEDDisplayTask
2024-12-07 17:18:44,OLEDDisplayTask
2024-12-07 17:18:44,OLEDDisplayTask
2024-12-07 17:18:44,OLEDDisplayTask
2024-12-07 17:18:44,OLEDDisplayTask
2024-12-07 17:18:44,OLEDDisplayTask
2024-12-07 17:18:44,OLEDDisplayTask
2024-12-07 17:18:45,OLEDDisplayTask
2024-12-07 17:18:45,OLEDDisplayTask
2024-12-07 17:18:45,OLEDDisplayTask
2024-12-07 17:18:45,Mq2Task
2024-12-07 17:18:45,MQ-2 Gas Concentration: 17.82 PPM
2024-12-07 17:18:45,OLEDDisplayTask
2024-12-07 17:18:45,OLEDDisplayTask
2024-12-07 17:18:45,OLEDDisplayTask
2024-12-07 17:18:45,OLEDDisplayTask
2024-12-07 17:18:45,OLEDDisplayTask
2024-12-07 17:18:46,OLEDDisplayTask
2024-12-07 17:18:46,OLEDDisplayTask
2024-12-07 17:18:46,OLEDDisplayTask
2024-12-07 17:18:46,OLEDDisplayTask
2024-12-07 17:18:46,OLEDDisplayTask
2024-12-07 17:18:46,OLEDDisplayTask
2024-12-07 17:18:46,OLEDDisplayTask
2024-12-07 17:18:46,OLEDDisplayTask
2024-12-07 17:18:46,OLEDDisplayTask
2024-12-07 17:18:47,OLEDDisplayTask
2024-12-07 17:18:47,OLEDDisplayTask
2024-12-07 17:18:47,OLEDDisplayTask
2024-12-07 17:18:47,Mq2Task
2024-12-07 17:18:47,OLEDDisplayTask
2024-12-07 17:18:47,MQ-2 Gas Concentration: 17.70 PPM
2024-12-07 17:18:47,OLEDDisplayTask
2024-12-07 17:18:47,OLEDDisplayTask
2024-12-07 17:18:47,OLEDDisplayTask
2024-12-07 17:18:47,OLEDDisplayTask
2024-12-07 17:18:48,OLEDDisplayTask
2024-12-07 17:18:48,OLEDDisplayTask
2024-12-07 17:18:48,OLEDDisplayTask
2024-12-07 17:18:48,OLEDDisplayTask
2024-12-07 17:18:48,OLEDDisplayTask
2024-12-07 17:18:48,OLEDDisplayTask
2024-12-07 17:18:48,OLEDDisplayTask
2024-12-07 17:18:48,OLEDDisplayTask
2024-12-07 17:18:48,OLEDDisplayTask
2024-12-07 17:18:49,OLEDDisplayTask
2024-12-07 17:18:49,OLEDDisplayTask
2024-12-07 17:18:49,OLEDDisplayTask
2024-12-07 17:18:49,OLEDDisplayTask
2024-12-07 17:18:49,Mq2Task
2024-12-07 17:18:49,MQ-2 Gas Concentration: 17.39 PPM
2024-12-07 17:18:49,OLEDDisplayTask
2024-12-07 17:18:49,OLEDDisplayTask
2024-12-07 17:18:49,OLEDDisplayTask
2024-12-07 17:18:49,OLEDDisplayTask
2024-12-07 17:18:50,OLEDDisplayTask
2024-12-07 17:18:50,OLEDDisplayTask
2024-12-07 17:18:50,OLEDDisplayTask
2024-12-07 17:18:50,OLEDDisplayTask
2024-12-07 17:18:50,OLEDDisplayTask
2024-12-07 17:18:50,OLEDDisplayTask
2024-12-07 17:18:50,OLEDDisplayTask
2024-12-07 17:18:50,OLEDDisplayTask
2024-12-07 17:18:50,OLEDDisplayTask
2024-12-07 17:18:51,OLEDDisplayTask
2024-12-07 17:18:51,OLEDDisplayTask
2024-12-07 17:18:51,OLEDDisplayTask
2024-12-07 17:18:51,OLEDDisplayTask
2024-12-07 17:18:51,Mq2Task
2024-12-07 17:18:51,MQ-2 Gas Concentration: 16.90 PPM
2024-12-07 17:18:51,OLEDDisplayTask
2024-12-07 17:18:51,OLEDDisplayTask
2024-12-07 17:18:51,OLEDDisplayTask
2024-12-07 17:18:51,OLEDDisplayTask
2024-12-07 17:18:51,OLEDDisplayTask
2024-12-07 17:18:52,OLEDDisplayTask
2024-12-07 17:18:52,OLEDDisplayTask
2024-12-07 17:18:52,OLEDDisplayTask
2024-12-07 17:18:52,OLEDDisplayTask
2024-12-07 17:18:52,OLEDDisplayTask
2024-12-07 17:18:52,OLEDDisplayTask
2024-12-07 17:18:52,OLEDDisplayTask
2024-12-07 17:18:52,OLEDDisplayTask
2024-12-07 17:18:53,OLEDDisplayTask
2024-12-07 17:18:53,OLEDDisplayTask
2024-12-07 17:18:53,OLEDDisplayTask
2024-12-07 17:18:53,OLEDDisplayTask
2024-12-07 17:18:53,Mq2Task
2024-12-07 17:18:53,OLEDDisplayTask
2024-12-07 17:18:53,MQ-2 Gas Concentration: 17.95 PPM
2024-12-07 17:18:53,OLEDDisplayTask
2024-12-07 17:18:53,OLEDDisplayTask
2024-12-07 17:18:53,OLEDDisplayTask
2024-12-07 17:18:53,OLEDDisplayTask
2024-12-07 17:18:54,OLEDDisplayTask
2024-12-07 17:18:54,OLEDDisplayTask
2024-12-07 17:18:54,OLEDDisplayTask
2024-12-07 17:18:54,OLEDDisplayTask
2024-12-07 17:18:54,OLEDDisplayTask
2024-12-07 17:18:54,OLEDDisplayTask
2024-12-07 17:18:54,OLEDDisplayTask
2024-12-07 17:18:54,OLEDDisplayTask
2024-12-07 17:18:55,OLEDDisplayTask
2024-12-07 17:18:55,OLEDDisplayTask
2024-12-07 17:18:55,OLEDDisplayTask
2024-12-07 17:18:55,OLEDDisplayTask
2024-12-07 17:18:55,OLEDDisplayTask
2024-12-07 17:18:55,Mq2Task
2024-12-07 17:18:55,MQ-2 Gas Concentration: 17.26 PPM
2024-12-07 17:18:55,OLEDDisplayTask
2024-12-07 17:18:55,OLEDDisplayTask
2024-12-07 17:18:55,OLEDDisplayTask
2024-12-07 17:18:55,OLEDDisplayTask
2024-12-07 17:18:56,OLEDDisplayTask
2024-12-07 17:18:56,OLEDDisplayTask
2024-12-07 17:18:56,OLEDDisplayTask
2024-12-07 17:18:56,OLEDDisplayTask
2024-12-07 17:18:56,OLEDDisplayTask
2024-12-07 17:18:56,OLEDDisplayTask
2024-12-07 17:18:56,OLEDDisplayTask
2024-12-07 17:18:56,OLEDDisplayTask
2024-12-07 17:18:57,OLEDDisplayTask
2024-12-07 17:18:57,OLEDDisplayTask
2024-12-07 17:18:57,OLEDDisplayTask
2024-12-07 17:18:57,OLEDDisplayTask
2024-12-07 17:18:57,OLEDDisplayTask
2024-12-07 17:18:57,Mq2Task
2024-12-07 17:18:57,OLEDDisplayTask
2024-12-07 17:18:57,MQ-2 Gas Concentration: 16.07 PPM
2024-12-07 17:18:57,OLEDDisplayTask
2024-12-07 17:18:57,OLEDDisplayTask
2024-12-07 17:18:57,OLEDDisplayTask
2024-12-07 17:18:58,OLEDDisplayTask
2024-12-07 17:18:58,OLEDDisplayTask
2024-12-07 17:18:58,OLEDDisplayTask
2024-12-07 17:18:58,OLEDDisplayTask
2024-12-07 17:18:58,OLEDDisplayTask
2024-12-07 17:18:58,OLEDDisplayTask
2024-12-07 17:18:58,OLEDDisplayTask
2024-12-07 17:18:58,OLEDDisplayTask
2024-12-07 17:18:59,OLEDDisplayTask
2024-12-07 17:18:59,OLEDDisplayTask
2024-12-07 17:18:59,OLEDDisplayTask
2024-12-07 17:18:59,OLEDDisplayTask
2024-12-07 17:18:59,OLEDDisplayTask
2024-12-07 17:18:59,OLEDDisplayTask
2024-12-07 17:18:59,Mq2Task
2024-12-07 17:18:59,MQ-2 Gas Concentration: 17.63 PPM
2024-12-07 17:18:59,OLEDDisplayTask
2024-12-07 17:18:59,OLEDDisplayTask
2024-12-07 17:18:59,OLEDDisplayTask
2024-12-07 17:19:00,OLEDDisplayTask
2024-12-07 17:19:00,OLEDDisplayTask
2024-12-07 17:19:00,OLEDDisplayTask
2024-12-07 17:19:00,OLEDDisplayTask
2024-12-07 17:19:00,OLEDDisplayTask
2024-12-07 17:19:00,OLEDDisplayTask
2024-12-07 17:19:00,OLEDDisplayTask
2024-12-07 17:19:00,OLEDDisplayTask
2024-12-07 17:19:01,OLEDDisplayTask
2024-12-07 17:19:01,OLEDDisplayTask
2024-12-07 17:19:01,OLEDDisplayTask
2024-12-07 17:19:01,OLEDDisplayTask
2024-12-07 17:19:01,OLEDDisplayTask
2024-12-07 17:19:01,OLEDDisplayTask
2024-12-07 17:19:01,Mq2Task
2024-12-07 17:19:01,OLEDDisplayTask
2024-12-07 17:19:01,MQ-2 Gas Concentration: 16.42 PPM
2024-12-07 17:19:01,OLEDDisplayTask
2024-12-07 17:19:01,OLEDDisplayTask
2024-12-07 17:19:02,OLEDDisplayTask
2024-12-07 17:19:02,OLEDDisplayTask
2024-12-07 17:19:02,OLEDDisplayTask
2024-12-07 17:19:02,OLEDDisplayTask
2024-12-07 17:19:02,OLEDDisplayTask
2024-12-07 17:19:02,OLEDDisplayTask
2024-12-07 17:19:02,OLEDDisplayTask
2024-12-07 17:19:02,OLEDDisplayTask
2024-12-07 17:19:02,OLEDDisplayTask
2024-12-07 17:19:03,OLEDDisplayTask
2024-12-07 17:19:03,OLEDDisplayTask
2024-12-07 17:19:03,OLEDDisplayTask
2024-12-07 17:19:03,OLEDDisplayTask
2024-12-07 17:19:03,OLEDDisplayTask
2024-12-07 17:19:03,OLEDDisplayTask
2024-12-07 17:19:03,Mq2Task
2024-12-07 17:19:03,MQ-2 Gas Concentration: 17.70 PPM
2024-12-07 17:19:03,OLEDDisplayTask
2024-12-07 17:19:03,OLEDDisplayTask
2024-12-07 17:19:04,OLEDDisplayTask
2024-12-07 17:19:04,OLEDDisplayTask
2024-12-07 17:19:04,OLEDDisplayTask
2024-12-07 17:19:04,OLEDDisplayTask
2024-12-07 17:19:04,OLEDDisplayTask
2024-12-07 17:19:04,OLEDDisplayTask
2024-12-07 17:19:04,OLEDDisplayTask
2024-12-07 17:19:04,OLEDDisplayTask
2024-12-07 17:19:04,OLEDDisplayTask
2024-12-07 17:19:05,OLEDDisplayTask
2024-12-07 17:19:05,OLEDDisplayTask
2024-12-07 17:19:05,OLEDDisplayTask
2024-12-07 17:19:05,OLEDDisplayTask
2024-12-07 17:19:05,OLEDDisplayTask
2024-12-07 17:19:05,OLEDDisplayTask
2024-12-07 17:19:05,Mq2Task
2024-12-07 17:19:05,MQ-2 Gas Concentration: 16.30 PPM
2024-12-07 17:19:05,OLEDDisplayTask
2024-12-07 17:19:05,OLEDDisplayTask
2024-12-07 17:19:06,OLEDDisplayTask
2024-12-07 17:19:06,OLEDDisplayTask
2024-12-07 17:19:06,OLEDDisplayTask
2024-12-07 17:19:06,OLEDDisplayTask
2024-12-07 17:19:06,OLEDDisplayTask
2024-12-07 17:19:06,OLEDDisplayTask
2024-12-07 17:19:06,OLEDDisplayTask
2024-12-07 17:19:06,OLEDDisplayTask
2024-12-07 17:19:06,OLEDDisplayTask
2024-12-07 17:19:07,OLEDDisplayTask
2024-12-07 17:19:07,OLEDDisplayTask
2024-12-07 17:19:07,OLEDDisplayTask
2024-12-07 17:19:07,OLEDDisplayTask
2024-12-07 17:19:07,OLEDDisplayTask
2024-12-07 17:19:07,OLEDDisplayTask
2024-12-07 17:19:07,Mq2Task
2024-12-07 17:19:07,OLEDDisplayTask
2024-12-07 17:19:07,MQ-2 Gas Concentration: 16.90 PPM
2024-12-07 17:19:07,OLEDDisplayTask
2024-12-07 17:19:08,OLEDDisplayTask
2024-12-07 17:19:08,OLEDDisplayTask
2024-12-07 17:19:08,OLEDDisplayTask
2024-12-07 17:19:08,OLEDDisplayTask
2024-12-07 17:19:08,OLEDDisplayTask
2024-12-07 17:19:08,OLEDDisplayTask
2024-12-07 17:19:08,OLEDDisplayTask
2024-12-07 17:19:08,OLEDDisplayTask
2024-12-07 17:19:08,OLEDDisplayTask
2024-12-07 17:19:09,OLEDDisplayTask
2024-12-07 17:19:09,OLEDDisplayTask
2024-12-07 17:19:09,OLEDDisplayTask
2024-12-07 17:19:09,OLEDDisplayTask
2024-12-07 17:19:09,OLEDDisplayTask
2024-12-07 17:19:09,OLEDDisplayTask
2024-12-07 17:19:09,OLEDDisplayTask
2024-12-07 17:19:09,Mq2Task
2024-12-07 17:19:09,MQ-2 Gas Concentration: 17.20 PPM
2024-12-07 17:19:09,OLEDDisplayTask
2024-12-07 17:19:10,OLEDDisplayTask
2024-12-07 17:19:10,OLEDDisplayTask
2024-12-07 17:19:10,Button pressed 1 time(s) in 1 second
2024-12-07 17:19:10,semaphoreButtonTask
2024-12-07 17:19:10,OLEDDisplayTask
2024-12-07 17:19:11,OLEDDisplayTask
2024-12-07 17:19:11,Mq2Task
2024-12-07 17:19:11,MQ-2 Gas Concentration: 20.56 PPM
2024-12-07 17:19:12,OLEDDisplayTask
2024-12-07 17:19:13,OLEDDisplayTask
2024-12-07 17:19:13,Mq2Task
2024-12-07 17:19:13,MQ-2 Gas Concentration: 17.45 PPM
2024-12-07 17:19:14,OLEDDisplayTask
2024-12-07 17:19:15,Mq2Task
2024-12-07 17:19:15,MQ-2 Gas Concentration: 17.33 PPM
2024-12-07 17:19:16,OLEDDisplayTask
2024-12-07 17:19:16,Button pressed 3 time(s) in 1 second
2024-12-07 17:19:16,semaphoreButtonTask
2024-12-07 17:19:17,OLEDDisplayTask
2024-12-07 17:19:17,OLEDDisplayTask
2024-12-07 17:19:17,OLEDDisplayTask
2024-12-07 17:19:17,OLEDDisplayTask
2024-12-07 17:19:17,OLEDDisplayTask
2024-12-07 17:19:17,OLEDDisplayTask
2024-12-07 17:19:17,OLEDDisplayTask
2024-12-07 17:19:17,Mq2Task
2024-12-07 17:19:18,MQ-2 Gas Concentration: 16.30 PPM
2024-12-07 17:19:18,OLEDDisplayTask
2024-12-07 17:19:18,OLEDDisplayTask
2024-12-07 17:19:18,OLEDDisplayTask
2024-12-07 17:19:18,OLEDDisplayTask
2024-12-07 17:19:18,OLEDDisplayTask
2024-12-07 17:19:18,OLEDDisplayTask
2024-12-07 17:19:18,OLEDDisplayTask
2024-12-07 17:19:18,OLEDDisplayTask
2024-12-07 17:19:19,OLEDDisplayTask
2024-12-07 17:19:19,OLEDDisplayTask
2024-12-07 17:19:19,OLEDDisplayTask
2024-12-07 17:19:19,OLEDDisplayTask
2024-12-07 17:19:19,OLEDDisplayTask
2024-12-07 17:19:19,OLEDDisplayTask
2024-12-07 17:19:19,OLEDDisplayTask
2024-12-07 17:19:19,OLEDDisplayTask
2024-12-07 17:19:19,OLEDDisplayTask
2024-12-07 17:19:20,Mq2Task
2024-12-07 17:19:20,MQ-2 Gas Concentration: 16.78 PPM
2024-12-07 17:19:20,OLEDDisplayTask
2024-12-07 17:19:20,OLEDDisplayTask
2024-12-07 17:19:20,OLEDDisplayTask
2024-12-07 17:19:20,OLEDDisplayTask
2024-12-07 17:19:20,OLEDDisplayTask
2024-12-07 17:19:20,OLEDDisplayTask
2024-12-07 17:19:20,OLEDDisplayTask
2024-12-07 17:19:20,OLEDDisplayTask
2024-12-07 17:19:21,OLEDDisplayTask
2024-12-07 17:19:21,OLEDDisplayTask
2024-12-07 17:19:21,OLEDDisplayTask
